Date,Open,High,Low,Close,Volume,Dividends,Stock Splits,Capital Gains
2023-12-01 00:00:00-05:00,440.6369952391435,444.3881717849613,440.0472633152973,443.8564453125,89183400,0.0,0.0,0.0
2023-12-04 00:00:00-05:00,440.47265370720123,443.8757680204174,439.25448022667734,441.5264587402344,72430900,0.0,0.0,0.0
2023-12-05 00:00:00-05:00,440.14391844231596,442.3965419933345,439.7668535301099,441.4394226074219,69793500,0.0,0.0,0.0
2023-12-06 00:00:00-05:00,443.57603770145914,443.60504042530386,439.2254520989698,439.6605224609375,69124700,0.0,0.0,0.0
2023-12-07 00:00:00-05:00,441.73917136361564,443.6630877368815,441.13976201140014,443.0153503417969,66995400,0.0,0.0,0.0
2023-12-08 00:00:00-05:00,442.2709087807209,445.4516788944759,442.02920955180366,444.9199523925781,83194400,0.0,0.0,0.0
2023-12-11 00:00:00-05:00,444.4268611503367,446.8245280398024,444.21416465607524,446.6504821777344,65002200,0.0,0.0,0.0
2023-12-12 00:00:00-05:00,446.30247061264276,448.7871457987425,445.30667095693167,448.6904602050781,68327600,0.0,0.0,0.0
2023-12-13 00:00:00-05:00,449.0674107718607,455.12924524748996,448.70970069679584,454.87786865234375,93278000,0.0,0.0,0.0
2023-12-14 00:00:00-05:00,456.8114895469167,458.0006602364905,453.6693999362765,456.3377685546875,119026000,0.0,0.0,0.0
2023-12-15 00:00:00-05:00,455.7417439978948,456.91633245678577,453.74207009746453,455.58642578125,141553700,1.906,0.0,0.0
2023-12-18 00:00:00-05:00,457.1881393985243,459.12957270241793,456.13006180277284,458.1491394042969,70375300,0.0,0.0,0.0
2023-12-19 00:00:00-05:00,458.69270565753243,461.012732509764,458.61506136543755,460.93505859375,55761800,0.0,0.0,0.0
2023-12-20 00:00:00-05:00,460.0808576886502,461.96405036999886,454.1206728290634,454.54779052734375,102921000,0.0,0.0,0.0
2023-12-21 00:00:00-05:00,457.5278509164755,459.1295570366737,455.1107760152546,458.8577575683594,86667500,0.0,0.0,0.0
2023-12-22 00:00:00-05:00,459.98374941589714,461.45925759296136,457.8870276491879,459.7799072265625,67160400,0.0,0.0,0.0
2023-12-26 00:00:00-05:00,460.1876248035588,462.62410332069675,460.1099508863103,461.7213439941406,55387000,0.0,0.0,0.0
2023-12-27 00:00:00-05:00,461.51747852635486,462.7017539013479,460.98359627385656,462.55615234375,68000300,0.0,0.0,0.0
2023-12-28 00:00:00-05:00,462.9153345190397,463.5656980482324,462.31349497002446,462.73089599609375,77158100,0.0,0.0,0.0
2023-12-29 00:00:00-05:00,462.5367654374911,463.06096072132885,459.4401769650659,461.3913269042969,122283100,0.0,0.0,0.0
2024-01-02 00:00:00-05:00,458.3336234097308,459.7994151792477,456.71251340562264,458.80926513671875,123623700,0.0,0.0,0.0
2024-01-03 00:00:00-05:00,456.6542463475319,457.39200051317124,454.4604467676884,455.0622863769531,103585900,0.0,0.0,0.0
2024-01-04 00:00:00-05:00,454.5865863632777,457.16869615612853,453.37319057475315,453.5964660644531,84232200,0.0,0.0,0.0
2024-01-05 00:00:00-05:00,453.80034274035296,456.66396886840727,452.7713854034213,454.2177734375,86118900,0.0,0.0,0.0
2024-01-08 00:00:00-05:00,454.71281340697016,460.8477500166702,454.5866154970485,460.7021484375,74879100,0.0,0.0,0.0
2024-01-09 00:00:00-05:00,458.05205442710235,461.02244496424106,457.54729244084217,460.0032043457031,65931400,0.0,0.0,0.0
2024-01-10 00:00:00-05:00,460.275022232607,463.4686883884697,459.99350610212235,462.604736328125,67310600,0.0,0.0,0.0
2024-01-11 00:00:00-05:00,463.60455806414546,464.119036700077,458.4306513904914,462.40087890625,77940700,0.0,0.0,0.0
2024-01-12 00:00:00-05:00,463.8472262405501,464.58498035155515,461.3136700813151,462.72119140625,58026400,0.0,0.0,0.0
2024-01-16 00:00:00-05:00,461.3428751055394,462.6533190842908,459.20728629940436,461.02252197265625,85014900,0.0,0.0,0.0
2024-01-17 00:00:00-05:00,458.0035093314712,458.9451056102245,456.11060012839494,458.4597473144531,68843900,0.0,0.0,0.0
2024-01-18 00:00:00-05:00,460.12938495584103,463.09005873569527,458.58594911701266,462.5367431640625,91856200,0.0,0.0,0.0
2024-01-19 00:00:00-05:00,463.6628015298727,468.58434205067863,462.5853202688259,468.3028259277344,110834500,0.0,0.0,0.0
2024-01-22 00:00:00-05:00,469.83659824827777,471.01115715758357,468.64260604571103,469.2929992675781,75844900,0.0,0.0,0.0
2024-01-23 00:00:00-05:00,469.83653570981716,470.90430023582877,468.7493378931313,470.66162109375,49945300,0.0,0.0,0.0
2024-01-24 00:00:00-05:00,473.52526505734005,474.45714470411593,470.6810725123754,471.1761474609375,81765000,0.0,0.0,0.0
2024-01-25 00:00:00-05:00,473.30205721699724,474.0106911050473,471.17621480069516,473.7388916015625,72525000,0.0,0.0,0.0
2024-01-26 00:00:00-05:00,473.3116847619897,474.7968799164263,472.2924442217773,473.136962890625,76641600,0.0,0.0,0.0
2024-01-29 00:00:00-05:00,473.4476261562877,477.0295728420406,472.9040272208165,476.8839416503906,61322800,0.0,0.0,0.0
2024-01-30 00:00:00-05:00,476.19475312019154,477.2237103899132,475.7579187820987,476.5151062011719,58618400,0.0,0.0,0.0
2024-01-31 00:00:00-05:00,474.31152767890586,474.7580490082776,468.7201907326481,468.7396240234375,126011100,0.0,0.0,0.0
2024-02-01 00:00:00-05:00,470.43836054795435,474.90366254751126,469.63264923202524,474.8745422363281,91891600,0.0,0.0,0.0
2024-02-02 00:00:00-05:00,475.31139921660196,481.5239798187347,474.971642466127,479.873779296875,99228200,0.0,0.0,0.0
2024-02-05 00:00:00-05:00,479.2428126687566,479.90289286822576,475.87442477356564,478.12646484375,75757100,0.0,0.0,0.0
2024-02-06 00:00:00-05:00,479.06809742412736,479.8446885622171,477.64114268330553,479.5146484375,55918600,0.0,0.0,0.0
2024-02-07 00:00:00-05:00,481.75695184930976,483.93134756331705,480.8541628931194,483.5139465332031,70556500,0.0,0.0,0.0
2024-02-08 00:00:00-05:00,483.51398020972,484.10610316011065,482.69858176017516,483.7275390625,52343600,0.0,0.0,0.0
2024-02-09 00:00:00-05:00,484.2322563033971,486.95996752942966,483.89249957484776,486.5231628417969,63979400,0.0,0.0,0.0
2024-02-12 00:00:00-05:00,486.4941004077062,488.7558572787602,485.59131136468835,486.3096618652344,56502300,0.0,0.0,0.0
2024-02-13 00:00:00-05:00,480.04849815534635,482.53353038052535,476.3500701317823,479.6116638183594,113099200,0.0,0.0,0.0
2024-02-14 00:00:00-05:00,482.2423403647749,484.4555731763151,479.92231331563113,483.97021484375,68387800,0.0,0.0,0.0
2024-02-15 00:00:00-05:00,484.66912826614583,487.49391729462275,484.1934569596569,487.3094787597656,61683000,0.0,0.0,0.0
2024-02-16 00:00:00-05:00,487.00856229426716,488.1442842020213,484.144936285217,484.8826904296875,75532900,0.0,0.0,0.0
2024-02-20 00:00:00-05:00,483.1450448811934,483.814841673976,479.9708124113375,482.2131652832031,71736700,0.0,0.0,0.0
2024-02-21 00:00:00-05:00,480.9124325062878,482.80531210783914,479.10688422021883,482.6499938964844,59293400,0.0,0.0,0.0
2024-02-22 00:00:00-05:00,489.25088043870596,493.5996718242251,488.2898508655614,492.638671875,76402500,0.0,0.0,0.0
2024-02-23 00:00:00-05:00,494.3568250348437,495.1916567031526,492.25038663284334,492.9784240722656,61321800,0.0,0.0,0.0
2024-02-26 00:00:00-05:00,493.4152350521733,493.8520693709636,491.0466841824756,491.1728820800781,50386700,0.0,0.0,0.0
2024-02-27 00:00:00-05:00,491.86211180789684,492.30863314805396,489.9692025931845,492.0853576660156,48854500,0.0,0.0,0.0
2024-02-28 00:00:00-05:00,490.53220860244136,492.0174038220213,490.17304819868775,491.43499755859375,56506600,0.0,0.0,0.0
2024-02-29 00:00:00-05:00,493.19197313484807,494.8130532117829,490.55162288856457,493.20166015625,83924800,0.0,0.0,0.0
2024-03-01 00:00:00-05:00,494.0754223071006,498.2591795076887,493.6677082373862,497.8320617675781,76844800,0.0,0.0,0.0
2024-03-04 00:00:00-05:00,497.03607301464484,499.1425115484434,497.00692307628157,497.2981262207031,49799300,0.0,0.0,0.0
2024-03-05 00:00:00-05:00,495.29842384541166,495.7449748064334,490.1245174506037,492.3280334472656,72855600,0.0,0.0,0.0
2024-03-06 00:00:00-05:00,495.5994069813958,497.0749153474701,493.53180526259257,494.8228454589844,68382400,0.0,0.0,0.0
2024-03-07 00:00:00-05:00,498.1135389799133,500.7830096761973,494.8810360564722,499.734619140625,58652100,0.0,0.0,0.0
2024-03-08 00:00:00-05:00,500.36563844693006,503.0447667007892,496.1624186562773,496.7351379394531,86532500,0.0,0.0,0.0
2024-03-11 00:00:00-04:00,495.5314829055719,496.8904803915719,493.6094531314212,496.30804443359375,62557200,0.0,0.0,0.0
2024-03-12 00:00:00-04:00,498.41446966211043,502.22937893995004,495.90028750048145,501.64697265625,73114400,0.0,0.0,0.0
2024-03-13 00:00:00-04:00,501.9673185575223,502.1420404607562,499.424045441815,500.8606872558594,55104100,0.0,0.0,0.0
2024-03-14 00:00:00-04:00,501.83132111592977,501.9866689472691,496.8321662856789,499.8705139160156,110171800,0.0,0.0,0.0
2024-03-15 00:00:00-04:00,496.80813351794416,498.2590153922283,494.7730358188075,496.4381103515625,107646300,1.595,0.0,0.0
2024-03-18 00:00:00-04:00,500.49864995743036,501.93975545659913,498.979629194759,499.3885803222656,88893300,0.0,0.0,0.0
2024-03-19 00:00:00-04:00,498.6971800566581,502.44602683293346,497.69420694088996,502.1636657714844,60755300,0.0,0.0,0.0
2024-03-20 00:00:00-04:00,502.22213711517423,506.94471696954355,501.5502591703246,506.8083801269531,69594600,0.0,0.0,0.0
2024-03-21 00:00:00-04:00,509.64192900671355,510.34298796408666,508.2007643189091,508.4831848144531,60256100,0.0,0.0,0.0
2024-03-22 00:00:00-04:00,508.3954886770838,508.8823549532907,507.2854193036717,507.5191650390625,79070800,0.0,0.0,0.0
2024-03-25 00:00:00-04:00,506.1462159868013,507.2660322991133,505.96120440733904,506.1170349121094,48512100,0.0,0.0,0.0
2024-03-26 00:00:00-04:00,507.53872874874105,507.87957088818524,504.78310771343683,505.18231201171875,65463700,0.0,0.0,0.0
2024-03-27 00:00:00-04:00,508.00609219695343,509.4666912006187,505.8443747669276,509.4277038574219,82999800,0.0,0.0,0.0
2024-03-28 00:00:00-04:00,509.46672014586477,510.829910300913,509.04802220619024,509.33038330078125,96294900,0.0,0.0,0.0
2024-04-01 00:00:00-04:00,510.07042079723595,510.60596189996124,507.28550008559404,508.4442443847656,62477500,0.0,0.0,0.0
2024-04-02 00:00:00-04:00,504.627181070464,505.3477336967163,502.9134021583385,505.2114562988281,74230300,0.0,0.0,0.0
2024-04-03 00:00:00-04:00,504.12083842082313,507.2660352902269,504.0721636747669,505.7664489746094,59155800,0.0,0.0,0.0
2024-04-04 00:00:00-04:00,509.76856679026787,510.10934946561747,499.2911933332161,499.5930480957031,96858100,0.0,0.0,0.0
2024-04-05 00:00:00-04:00,500.94656541967566,506.7694681704287,500.50837380151097,504.812255859375,74546500,0.0,0.0,0.0
2024-04-08 00:00:00-04:00,505.5133007732254,506.516214442084,504.2863881936749,505.09454345703125,48401800,0.0,0.0,0.0
2024-04-09 00:00:00-04:00,506.82779978442835,507.0712329255352,500.8393207404325,505.6788024902344,68049200,0.0,0.0,0.0
2024-04-10 00:00:00-04:00,499.99218385090813,502.601780021425,498.6387407392185,500.6153869628906,82652800,0.0,0.0,0.0
2024-04-11 00:00:00-04:00,502.1344572387197,505.8346295064768,498.6290433917763,504.3935241699219,70099000,0.0,0.0,0.0
2024-04-12 00:00:00-04:00,500.8588329878134,502.270757144988,495.70777921046096,497.4313049316406,92561100,0.0,0.0,0.0
2024-04-15 00:00:00-04:00,501.5989519571189,501.7644698822578,490.3523209615631,491.1994934082031,92101400,0.0,0.0,0.0
2024-04-16 00:00:00-04:00,491.6766166443132,493.19563735543574,489.0183155418661,490.30364990234375,73484000,0.0,0.0,0.0
2024-04-17 00:00:00-04:00,492.7574157801548,492.9229634124424,486.00945537176443,487.4018859863281,75910300,0.0,0.0,0.0
2024-04-18 00:00:00-04:00,488.794360179131,490.8878795783521,485.46418121059236,486.3989562988281,74548100,0.0,0.0,0.0
2024-04-19 00:00:00-04:00,486.3210167619427,487.31421332567436,480.8875721611567,482.1534423828125,102212600,0.0,0.0,0.0
2024-04-22 00:00:00-04:00,484.75331996273405,489.18382142190774,482.4163675078979,486.59368896484375,67961000,0.0,0.0,0.0
2024-04-23 00:00:00-04:00,488.5995792337359,492.7963646750655,486.4086807205422,492.367919921875,64633600,0.0,0.0,0.0
2024-04-24 00:00:00-04:00,493.2539723124738,494.04269332334195,489.9140767019127,492.1341857910156,55928100,0.0,0.0,0.0
2024-04-25 00:00:00-04:00,486.0678630419317,491.02415872515365,484.42225246602163,490.2646484375,69122400,0.0,0.0,0.0
2024-04-26 00:00:00-04:00,493.0495906841402,496.48686615025724,492.41667033113185,494.909423828125,64306100,0.0,0.0,0.0
2024-04-29 00:00:00-04:00,496.69128964862307,497.33395677101214,493.9258924563797,496.6620788574219,46415400,0.0,0.0,0.0
2024-04-30 00:00:00-04:00,495.20149000874,496.1752226900087,488.7943420410156,488.7943420410156,77483600,0.0,0.0,0.0
2024-05-01 00:00:00-04:00,488.2101273744075,494.84124497607075,486.7397814235659,487.2071838378906,80242800,0.0,0.0,0.0
2024-05-02 00:00:00-04:00,490.90730120185356,492.60161619088024,486.4281251448712,491.7641906738281,62550200,0.0,0.0,0.0
2024-05-03 00:00:00-04:00,497.73321224009646,499.08668524553275,495.20150126804214,497.85980224609375,72756700,0.0,0.0,0.0
2024-05-06 00:00:00-04:00,500.2551653379584,503.0400265445959,499.8169737447077,503.0010986328125,47264700,0.0,0.0,0.0
2024-05-07 00:00:00-04:00,503.9650423598839,504.94852179554,502.88421343694205,503.55609130859375,52561300,0.0,0.0,0.0
2024-05-08 00:00:00-04:00,501.7254700555243,504.14030789046143,501.60862689782874,503.6047668457031,42047200,0.0,0.0,0.0
2024-05-09 00:00:00-04:00,503.7897771689901,506.5454570669787,503.1373929681529,506.5064697265625,43643700,0.0,0.0,0.0
2024-05-10 00:00:00-04:00,508.10342768254765,508.91164241656554,505.94176974404485,507.158935546875,52233200,0.0,0.0,0.0
2024-05-13 00:00:00-04:00,508.8337334335511,508.94082976185797,506.0878002167031,507.22705078125,36716400,0.0,0.0,0.0
2024-05-14 00:00:00-04:00,507.42181386177714,510.0703976103099,506.88627278339663,509.5542907714844,57535900,0.0,0.0,0.0
2024-05-15 00:00:00-04:00,512.0178797101214,516.1562436643347,511.38492968552964,515.8641357421875,59504900,0.0,0.0,0.0
2024-05-16 00:00:00-04:00,515.9614786446474,517.558414507879,514.6566506998298,514.802734375,50244800,0.0,0.0,0.0
2024-05-17 00:00:00-04:00,514.9195824580145,515.6109540647997,513.4687302561026,515.5427856445312,59187600,0.0,0.0,0.0
2024-05-20 00:00:00-04:00,515.6595992673854,517.5973177042522,515.2700824401487,516.13671875,37764200,0.0,0.0,0.0
2024-05-21 00:00:00-04:00,515.3772666864285,517.5584184029028,515.1727614260365,517.402587890625,33437000,0.0,0.0,0.0
2024-05-22 00:00:00-04:00,516.7112486575287,517.4220544657823,513.741316563043,515.9127807617188,48390000,0.0,0.0,0.0
2024-05-23 00:00:00-04:00,518.9606609347318,519.0677572803991,510.9370526401655,512.14453125,57211200,0.0,0.0,0.0
2024-05-24 00:00:00-04:00,513.9847589456947,516.3412347653415,513.0402667962413,515.5330200195312,41291100,0.0,0.0,0.0
2024-05-28 00:00:00-04:00,516.3411878885217,516.5748741957514,513.2641596915468,515.8932495117188,36269600,0.0,0.0,0.0
2024-05-29 00:00:00-04:00,511.8718716025252,513.4590608844294,511.57001679975457,512.2808227539062,45190300,0.0,0.0,0.0
2024-05-30 00:00:00-04:00,510.7422784507473,511.4044095336918,507.6360688600374,508.8824157714844,46377600,0.0,0.0,0.0
2024-05-31 00:00:00-04:00,509.8367164200918,513.6439850215788,504.7440541264526,513.5173950195312,90785800,0.0,0.0,0.0
2024-06-03 00:00:00-04:00,515.1240809646227,515.4064420460951,508.87267437322015,513.9360961914062,46835700,0.0,0.0,0.0
2024-06-04 00:00:00-04:00,512.631323194632,515.2506664560023,511.17072418863216,514.5106201171875,34632700,0.0,0.0,0.0
2024-06-05 00:00:00-04:00,516.8281493311971,520.6451650598835,514.84169649016,520.6256713867188,47610400,0.0,0.0,0.0
2024-06-06 00:00:00-04:00,520.9275073614583,521.3559521321091,518.6879340097541,520.6159057617188,30808500,0.0,0.0,0.0
2024-06-07 00:00:00-04:00,519.6421901069427,522.7873872843439,518.55161418802,519.9830322265625,43224500,0.0,0.0,0.0
2024-06-10 00:00:00-04:00,519.1747616812378,521.9109480214009,518.5807990347079,521.589599609375,35686100,0.0,0.0,0.0
2024-06-11 00:00:00-04:00,520.0414093421914,522.9041857425336,518.0744503489441,522.8457641601562,36383400,0.0,0.0,0.0
2024-06-12 00:00:00-04:00,527.402758345961,529.8273428520355,526.107677431855,527.1398315429688,63251300,0.0,0.0,0.0
2024-06-13 00:00:00-04:00,528.8829798084458,529.0582445758802,525.4164935113477,528.2013549804688,44760900,0.0,0.0,0.0
2024-06-14 00:00:00-04:00,526.6725282080745,528.5518251182958,525.6695550365463,528.5226440429688,40089900,0.0,0.0,0.0
2024-06-17 00:00:00-04:00,527.8410283318889,534.1216160104203,527.3833430672393,532.7291259765625,55839500,0.0,0.0,0.0
2024-06-18 00:00:00-04:00,532.7874995764366,534.2091705580833,532.3688016931667,534.0825805664062,41376400,0.0,0.0,0.0
2024-06-20 00:00:00-04:00,535.0076850141029,535.669816103357,530.8595742964317,532.6317749023438,70328200,0.0,0.0,0.0
2024-06-21 00:00:00-04:00,531.8101607226251,533.031253064821,530.4620700069489,531.9176025390625,64338600,1.759,0.0,0.0
2024-06-24 00:00:00-04:00,531.7419157804823,534.3013212499749,530.0714395414016,530.1886596679688,45528700,0.0,0.0,0.0
2024-06-25 00:00:00-04:00,531.4096852385123,532.5917242597523,529.8955424418219,532.2302856445312,37936200,0.0,0.0,0.0
2024-06-26 00:00:00-04:00,531.1166134619692,533.6076301716555,530.4719028733521,532.89453125,38550600,0.0,0.0,0.0
2024-06-27 00:00:00-04:00,532.7578061070262,534.3110621107577,532.0153722749866,533.7346801757812,35041500,0.0,0.0,0.0
2024-06-28 00:00:00-04:00,534.5063503169283,537.5542520433446,530.3937489459842,531.6343383789062,76144500,0.0,0.0,0.0
2024-07-01 00:00:00-04:00,533.0118486999152,533.2560672380866,529.973784394742,532.7285766601562,40297800,0.0,0.0,0.0
2024-07-02 00:00:00-04:00,531.126400132376,536.3135986328125,531.0775683576217,536.3135986328125,40434800,0.0,0.0,0.0
2024-07-03 00:00:00-04:00,536.0010708200014,539.068469909586,535.9620173191718,538.70703125,32789900,0.0,0.0,0.0
2024-07-05 00:00:00-04:00,539.0098526062544,542.213968717536,538.3748605783948,541.8134765625,41488400,0.0,0.0,0.0
2024-07-08 00:00:00-04:00,542.5948722312855,543.3861377502993,541.3737797869028,542.4385986328125,36110500,0.0,0.0,0.0
2024-07-09 00:00:00-04:00,543.3958913589794,544.2945986626197,542.6730142045088,542.966064453125,27289700,0.0,0.0,0.0
2024-07-10 00:00:00-04:00,544.1872136667199,548.6808102777995,543.894163387503,548.3389282226562,38701200,0.0,0.0,0.0
2024-07-11 00:00:00-04:00,548.4561564855596,549.3255886798729,542.9759074999535,543.61083984375,53054200,0.0,0.0,0.0
2024-07-12 00:00:00-04:00,544.7343252522627,550.6346235261244,544.2654447499774,547.0397338867188,53084400,0.0,0.0,0.0
2024-07-15 00:00:00-04:00,549.0325654558818,551.7775792240066,546.6880438244344,548.5441284179688,40584300,0.0,0.0,0.0
2024-07-16 00:00:00-04:00,549.8530882979716,552.090108393895,549.1008762046278,551.7970581054688,36475300,0.0,0.0,0.0
2024-07-17 00:00:00-04:00,545.8771519032762,547.5476278240299,543.7377955656038,544.0601806640625,57119000,0.0,0.0,0.0
2024-07-18 00:00:00-04:00,545.5939606590898,546.5806130354061,537.7008012722223,539.8792114257812,56270400,0.0,0.0,0.0
2024-07-19 00:00:00-04:00,539.644738170822,541.2663824595259,535.2390267295067,536.2940673828125,65509100,0.0,0.0,0.0
2024-07-22 00:00:00-04:00,540.2113152231016,542.4288382548532,538.2771238069361,541.8231811523438,43346700,0.0,0.0,0.0
2024-07-23 00:00:00-04:00,541.7157018138391,543.8648365993427,540.484890622907,540.9733276367188,34439600,0.0,0.0,0.0
2024-07-24 00:00:00-04:00,536.1670544374522,536.4698829953903,527.7952370228695,528.7135009765625,74515300,0.0,0.0,0.0
2024-07-25 00:00:00-04:00,528.8307523766035,534.7994982405838,525.0209792890996,525.958740234375,61158300,0.0,0.0,0.0
2024-07-26 00:00:00-04:00,529.7392825093052,534.5357078065754,528.9675138593225,531.8493041992188,53763800,0.0,0.0,0.0
2024-07-29 00:00:00-04:00,533.3927359573876,534.3988851266782,530.169004207153,532.161865234375,39515800,0.0,0.0,0.0
2024-07-30 00:00:00-04:00,533.6271909452782,534.6822315404584,526.0661958644091,529.4656982421875,46853600,0.0,0.0,0.0
2024-07-31 00:00:00-04:00,536.2842643515584,540.6997538692295,534.9166765387299,538.0719604492188,65663400,0.0,0.0,0.0
2024-08-01 00:00:00-04:00,539.7912440920945,542.0380422456446,526.955106117804,530.4523315429688,76428700,0.0,0.0,0.0
2024-08-02 00:00:00-04:00,523.3602388903765,524.5715530952934,516.3755660291246,520.576171875,82789100,0.0,0.0,0.0
2024-08-05 00:00:00-04:00,499.80785259777787,511.4717311244644,498.4695101090915,505.41510009765625,146267400,0.0,0.0,0.0
2024-08-06 00:00:00-04:00,507.21259624641726,517.4991102473832,505.89383991875644,510.07489013671875,84826300,0.0,0.0,0.0
2024-08-07 00:00:00-04:00,516.248598311969,519.2965001883216,506.06958745039486,506.66546630859375,70698300,0.0,0.0,0.0
2024-08-08 00:00:00-04:00,511.79405372836936,519.0033889369354,509.77197692780607,518.3782348632812,63276600,0.0,0.0,0.0
2024-08-09 00:00:00-04:00,517.5576103421191,522.1489300560904,516.3365178449808,520.6640625,45619600,0.0,0.0,0.0
2024-08-12 00:00:00-04:00,521.8558860240913,523.3406939742863,518.6712672136742,520.9376220703125,42542100,0.0,0.0,0.0
2024-08-13 00:00:00-04:00,524.122235093717,529.739260585726,523.8780165940644,529.5047607421875,52333100,0.0,0.0,0.0
2024-08-14 00:00:00-04:00,530.2960824274743,532.3573320967027,527.6292352085552,531.17529296875,42446900,0.0,0.0,0.0
2024-08-15 00:00:00-04:00,536.7922766972661,540.5629961238054,536.1866195717042,540.2797241210938,60846800,0.0,0.0,0.0
2024-08-16 00:00:00-04:00,538.6678476452682,542.1846298407453,538.5115740387317,541.4910278320312,44430700,0.0,0.0,0.0
2024-08-19 00:00:00-04:00,541.9013070349608,546.66845703125,541.0514314058853,546.66845703125,39121800,0.0,0.0,0.0
2024-08-20 00:00:00-04:00,546.2190851764095,547.8700045132335,544.4411674580102,545.7794799804688,33732300,0.0,0.0,0.0
2024-08-21 00:00:00-04:00,546.8248931770081,549.1107454289771,541.9014090213768,547.6552124023438,41514600,0.0,0.0,0.0
2024-08-22 00:00:00-04:00,549.5503421956289,550.1559994238155,542.1456191373768,543.35693359375,56121500,0.0,0.0,0.0
2024-08-23 00:00:00-04:00,546.5904001832064,550.0680696349215,544.4021520897437,549.1302490234375,50639400,0.0,0.0,0.0
2024-08-26 00:00:00-04:00,550.1559102385648,550.8690092024209,546.1214157161334,547.8211669921875,35788600,0.0,0.0,0.0
2024-08-27 00:00:00-04:00,546.5512887213379,549.0618623501647,545.4083627021253,548.5734252929688,32693900,0.0,0.0,0.0
2024-08-28 00:00:00-04:00,548.2315309438809,548.661357929549,542.204174863817,545.3887939453125,41066000,0.0,0.0,0.0
2024-08-29 00:00:00-04:00,547.3521942445709,550.6442544077365,544.2945742697917,545.4375,38715200,0.0,0.0,0.0
2024-08-30 00:00:00-04:00,547.8016709409602,551.1523417216108,544.2556134288437,550.6443481445312,62700100,0.0,0.0,0.0
2024-09-03 00:00:00-04:00,547.5086116923438,547.8407751289367,536.8021094517958,539.3126831054688,60600100,0.0,0.0,0.0
2024-09-04 00:00:00-04:00,537.4760847370844,541.608242662233,536.7532075195429,538.208740234375,47224900,0.0,0.0,0.0
2024-09-05 00:00:00-04:00,538.1502077884983,540.9928852935313,534.4478166491117,536.8997802734375,44264300,0.0,0.0,0.0
2024-09-06 00:00:00-04:00,537.2220554393132,538.8436399407501,526.964879098129,527.8635864257812,68493800,0.0,0.0,0.0
2024-09-09 00:00:00-04:00,532.054494369654,535.0437266855093,530.1300214174476,533.7737426757812,40445800,0.0,0.0,0.0
2024-09-10 00:00:00-04:00,535.678706144088,536.450474898389,530.8138918516801,536.0987548828125,36394600,0.0,0.0,0.0
2024-09-11 00:00:00-04:00,536.0108800293665,542.5168359009789,527.4730091477311,541.5985717773438,75248600,0.0,0.0,0.0
2024-09-12 00:00:00-04:00,542.1748597619055,546.4633510224045,539.9573366553728,546.1605224609375,51819600,0.0,0.0,0.0
2024-09-13 00:00:00-04:00,546.7662020730168,550.0094311099382,546.5122052774053,549.0130004882812,39310500,0.0,0.0,0.0
2024-09-16 00:00:00-04:00,548.7491943236346,550.0875069413107,546.9517795427174,549.8237915039062,36656100,0.0,0.0,0.0
2024-09-17 00:00:00-04:00,552.0314851715059,553.477299266029,547.8211605278194,550.0484619140625,49321000,0.0,0.0,0.0
2024-09-18 00:00:00-04:00,550.7030274298603,555.5385664291312,547.8603498689396,548.4171752929688,59044900,0.0,0.0,0.0
2024-09-19 00:00:00-04:00,557.8049085738365,559.6316584337985,554.9426745171918,557.7755737304688,75315500,0.0,0.0,0.0
2024-09-20 00:00:00-04:00,556.4096197933483,557.8500005367814,553.7933228326182,556.8113403320312,77503100,1.746,0.0,0.0
2024-09-23 00:00:00-04:00,557.8794446150124,558.8495067502496,556.6643550711399,558.2027587890625,44116900,0.0,0.0,0.0
2024-09-24 00:00:00-04:00,558.9964258828836,559.8587165873663,556.1743944512203,559.7999267578125,46805700,0.0,0.0,0.0
2024-09-25 00:00:00-04:00,559.6431398003925,560.3780425284191,557.4579883539482,558.5652465820312,38428600,0.0,0.0,0.0
2024-09-26 00:00:00-04:00,562.8179934718497,563.1413674659622,558.428192996937,560.7798461914062,48336000,0.0,0.0,0.0
2024-09-27 00:00:00-04:00,561.8478858705382,562.6611352170194,558.9376397719122,559.9664916992188,42100900,0.0,0.0,0.0
2024-09-30 00:00:00-04:00,558.9376557740085,562.8179640810873,556.6447925339722,562.21044921875,63557400,0.0,0.0,0.0
2024-10-01 00:00:00-04:00,561.857759819067,562.5044480240527,554.6066943100618,557.1739501953125,72668800,0.0,0.0,0.0
2024-10-02 00:00:00-04:00,556.2823034605133,558.4282222492225,553.8914170466389,557.4091186523438,38097800,0.0,0.0,0.0
2024-10-03 00:00:00-04:00,555.9393137222664,558.3302001396713,554.106960667849,556.3900756835938,40846500,0.0,0.0,0.0
2024-10-04 00:00:00-04:00,560.8287828388663,561.8184614824812,556.6643337627131,561.4461059570312,42939100,0.0,0.0,0.0
2024-10-07 00:00:00-04:00,559.7999074826037,560.446655391967,555.2239297880301,556.370361328125,49964700,0.0,0.0,0.0
2024-10-08 00:00:00-04:00,558.9376197622599,562.230029540932,558.0655806170524,561.6322631835938,37398700,0.0,0.0,0.0
2024-10-09 00:00:00-04:00,561.6224145456196,566.0808720947961,561.0247080377793,565.5223388671875,37912200,0.0,0.0,0.0
2024-10-10 00:00:00-04:00,564.1799758679994,565.9535388259317,562.9257131010544,564.53271484375,44138100,0.0,0.0,0.0
2024-10-11 00:00:00-04:00,564.4543586951436,568.6482329129351,564.3171624790748,567.913330078125,42268000,0.0,0.0,0.0
2024-10-14 00:00:00-04:00,569.5203487222559,573.4888724089859,569.0402217080135,572.5579833984375,36217200,0.0,0.0,0.0
2024-10-15 00:00:00-04:00,572.8224884018784,573.1262458468478,566.8942243784207,568.1093139648438,54203600,0.0,0.0,0.0
2024-10-16 00:00:00-04:00,568.1093193754714,571.097912292803,567.3058184280349,570.5785522460938,30725400,0.0,0.0,0.0
2024-10-17 00:00:00-04:00,574.1158386665669,574.3216329805343,570.4413246734956,570.6275024414062,34393700,0.0,0.0,0.0
2024-10-18 00:00:00-04:00,572.3129579783322,573.6063941876963,570.852960533333,572.822509765625,37416800,0.0,0.0,0.0
2024-10-21 00:00:00-04:00,572.0973176864316,573.0771881011084,568.912738838732,571.8817749023438,36439000,0.0,0.0,0.0
2024-10-22 00:00:00-04:00,569.3536172092114,572.7341816541917,568.6971208640092,571.5779418945312,34183800,0.0,0.0,0.0
2024-10-23 00:00:00-04:00,569.5593582450659,570.0003117934486,562.8570198066266,566.3551635742188,49314600,0.0,0.0,0.0
2024-10-24 00:00:00-04:00,568.3051725972728,568.3835789691921,564.9638411001258,567.580078125,34979900,0.0,0.0,0.0
2024-10-25 00:00:00-04:00,569.8044663478088,572.6950960929863,566.4435179318251,567.3841552734375,47268200,0.0,0.0,0.0
2024-10-28 00:00:00-04:00,570.8529569215461,570.9803448675634,568.8344261393737,569.13818359375,30174700,0.0,0.0,0.0
2024-10-29 00:00:00-04:00,568.1778099310847,571.1762108700161,566.7864107519835,570.0592041015625,42899700,0.0,0.0,0.0
2024-10-30 00:00:00-04:00,569.5888588084969,571.5780244818477,567.6291179550885,568.3346557617188,41435800,0.0,0.0,0.0
2024-10-31 00:00:00-04:00,563.974290971045,564.0428890862833,556.9976174444517,557.193603515625,60182500,0.0,0.0,0.0
2024-11-01 00:00:00-04:00,559.8195584319851,563.9643910438907,559.1336371976272,559.545166015625,45667500,0.0,0.0,0.0
2024-11-04 00:00:00-05:00,559.6823223393656,560.9757583388703,556.4585705161212,558.3399047851562,38217000,0.0,0.0,0.0
2024-11-05 00:00:00-05:00,559.2511382887498,565.1303598031815,559.0355955403569,565.0911865234375,39478300,0.0,0.0,0.0
2024-11-06 00:00:00-05:00,577.3395892403747,580.0146160051545,573.6062858121453,579.1425170898438,68182000,0.0,0.0,0.0
2024-11-07 00:00:00-05:00,581.1415644099445,584.639708979933,581.063158030651,583.62060546875,47233200,0.0,0.0,0.0
2024-11-08 00:00:00-05:00,584.1693851078007,587.5695668763649,584.1693851078007,586.1487426757812,46444900,0.0,0.0,0.0
2024-11-11 00:00:00-05:00,587.7360051791314,588.0887441353201,584.9825720146739,586.7071533203125,37586800,0.0,0.0,0.0
2024-11-12 00:00:00-05:00,586.6287817012992,587.2264882691159,582.4055428293386,584.8846435546875,43006100,0.0,0.0,0.0
2024-11-13 00:00:00-05:00,585.3451927424278,587.1677373847895,582.9837313260188,585.1688232421875,47388600,0.0,0.0,0.0
2024-11-14 00:00:00-05:00,585.2962448517161,585.7763718199695,580.7202664359244,581.4061279296875,38904100,0.0,0.0,0.0
2024-11-15 00:00:00-05:00,577.8492248081469,578.3196033347165,572.1071978105703,573.9591674804688,75988800,0.0,0.0,0.0
2024-11-18 00:00:00-05:00,574.4195885423085,577.6237838402152,573.5573576252949,576.310791015625,37001700,0.0,0.0,0.0
2024-11-19 00:00:00-05:00,572.9400384688264,579.142574989824,572.2737337790142,578.41748046875,49412000,0.0,0.0,0.0
2024-11-20 00:00:00-05:00,578.4959457161364,578.897666302881,572.8616903884546,578.613525390625,50032600,0.0,0.0,0.0
2024-11-21 00:00:00-05:00,581.4550191630284,583.140367253691,575.6247793256173,581.7195434570312,46750300,0.0,0.0,0.0
2024-11-22 00:00:00-05:00,581.7097870344509,584.1497143652956,581.2101034094488,583.5225830078125,38226400,0.0,0.0,0.0
2024-11-25 00:00:00-05:00,587.4520080099294,588.7650010479646,583.218960080664,585.5020751953125,42441400,0.0,0.0,0.0
2024-11-26 00:00:00-05:00,586.7462862080961,589.2253866159143,586.0310000728672,588.55908203125,45621300,0.0,0.0,0.0
2024-11-27 00:00:00-05:00,588.3729502321648,588.7550542016285,585.256969810655,586.7757568359375,34000200,0.0,0.0,0.0
2024-11-29 00:00:00-05:00,587.5890586237147,591.2047827973582,587.3147260107087,590.4208984375,30177400,0.0,0.0,0.0
2024-12-02 00:00:00-05:00,590.8323780737772,592.1552388895445,590.3424429138348,591.4791259765625,31746000,0.0,0.0,0.0
2024-12-03 00:00:00-05:00,591.2439870884159,591.9984465923378,590.2151351783115,591.7534790039062,26906600,0.0,0.0,0.0
2024-12-04 00:00:00-05:00,593.438872844782,595.6729460981672,592.7725681970518,595.427978515625,42787600,0.0,0.0,0.0
2024-12-05 00:00:00-05:00,595.4279904670244,596.2314913306755,594.0953811448159,594.4481201171875,28762200,0.0,0.0,0.0
2024-12-06 00:00:00-05:00,595.212464951605,596.8096584526629,594.800936138575,595.5750122070312,31241500,0.0,0.0,0.0
2024-12-09 00:00:00-05:00,595.4574149257465,595.6239761392873,591.9200973185369,592.5079956054688,34742700,0.0,0.0,0.0
2024-12-10 00:00:00-05:00,593.1841677805376,593.605504896008,590.0093971009587,590.6658935546875,37234500,0.0,0.0,0.0
2024-12-11 00:00:00-05:00,593.5858806768452,596.1825011825678,593.3114882757061,595.2320556640625,28677700,0.0,0.0,0.0
2024-12-12 00:00:00-05:00,594.3698085144841,594.9380902901107,592.1651000976562,592.1651000976562,31543800,0.0,0.0,0.0
2024-12-13 00:00:00-05:00,594.1934038090473,594.9086900260288,590.6756429397628,592.0474853515625,35904700,0.0,0.0,0.0
2024-12-16 00:00:00-05:00,593.8014244521054,595.54562235978,593.0273484159295,594.5755004882812,43695200,0.0,0.0,0.0
2024-12-17 00:00:00-05:00,592.0278913761272,592.9881452170704,590.7540718346318,592.1258544921875,55773500,0.0,0.0,0.0
2024-12-18 00:00:00-05:00,591.822113059209,594.2031909866316,574.0962907751041,574.4784545898438,108248700,0.0,0.0,0.0
2024-12-19 00:00:00-05:00,579.456129686489,581.0631314525076,574.057034359764,574.302001953125,85919500,0.0,0.0,0.0
2024-12-20 00:00:00-05:00,571.9778879961826,585.722562754752,571.1323175828937,581.2000122070312,125716700,1.966,0.0,0.0
2024-12-23 00:00:00-05:00,580.9443313472664,585.2800771480029,577.7686569320756,584.6803588867188,57635800,0.0,0.0,0.0
2024-12-24 00:00:00-05:00,586.0272849416975,591.2184422848073,585.4471892507113,591.1790771484375,33160100,0.0,0.0,0.0
2024-12-26 00:00:00-05:00,589.409327922106,592.3391499159457,588.0132458991934,591.2183837890625,41219100,0.0,0.0,0.0
2024-12-27 00:00:00-05:00,587.4823797773107,587.7183905820746,580.8165297326684,584.9949951171875,64969300,0.0,0.0,0.0
2024-12-30 00:00:00-05:00,577.9948115421023,581.7799853973963,574.5733451400716,578.3192138671875,56578800,0.0,0.0,0.0
2024-12-31 00:00:00-05:00,579.9808236627084,580.698577374324,574.5832389413312,576.21533203125,57052700,0.0,0.0,0.0
2025-01-02 00:00:00-05:00,579.4695486945864,581.180251846637,570.7291685588775,574.7994995117188,50204000,0.0,0.0,0.0
2025-01-03 00:00:00-05:00,577.6408633877121,582.6254735449975,576.5593423217554,581.9864501953125,37888500,0.0,0.0,0.0
2025-01-06 00:00:00-05:00,586.2338281568046,589.6060884935793,583.6087253809885,585.339111328125,47679400,0.0,0.0,0.0
2025-01-07 00:00:00-05:00,587.3644406233403,587.6889029930588,576.9035745975999,578.722412109375,60393100,0.0,0.0,0.0
2025-01-08 00:00:00-05:00,578.7911897402016,580.6395509433228,575.350100693004,579.56787109375,47304700,0.0,0.0,0.0
2025-01-10 00:00:00-05:00,576.0185903209236,576.0874192959229,568.8119506064235,570.7192993164062,73105000,0.0,0.0,0.0
2025-01-13 00:00:00-05:00,566.0788468496604,571.9581742427216,565.6658729466735,571.604248046875,47910100,0.0,0.0,0.0
2025-01-14 00:00:00-05:00,574.5241441869972,575.1533862250869,568.6152938144415,572.3906860351562,48420600,0.0,0.0,0.0
2025-01-15 00:00:00-05:00,580.3937160773642,583.9429389739179,579.2827311805529,582.802490234375,56900200,0.0,0.0,0.0
2025-01-16 00:00:00-05:00,584.1690862304802,584.34604932179,580.9836305712422,581.6817016601562,43319700,0.0,0.0,0.0
2025-01-17 00:00:00-05:00,586.9122299431212,589.27179809953,585.5849165977943,587.5217895507812,58070600,0.0,0.0,0.0
2025-01-21 00:00:00-05:00,590.5597127423754,592.9094994878243,588.5933760531964,592.899658203125,42532900,0.0,0.0,0.0
2025-01-22 00:00:00-05:00,595.7213382459036,597.5893820777127,595.1707663809229,596.2326049804688,48196000,0.0,0.0,0.0
2025-01-23 00:00:00-05:00,595.6033506126263,599.4868774414062,595.3280946897063,599.4868774414062,41152100,0.0,0.0,0.0
2025-01-24 00:00:00-05:00,599.54587252364,600.4995770008244,596.5865262707722,597.73681640625,34604700,0.0,0.0,0.0
2025-01-27 00:00:00-05:00,584.7983708814467,589.5962372876534,584.6312490621345,589.2816162109375,70361100,0.0,0.0,0.0
2025-01-28 00:00:00-05:00,590.5105293609671,595.1805787054238,587.1972570477369,594.3449096679688,44433300,0.0,0.0,0.0
2025-01-29 00:00:00-05:00,593.558244678493,593.9613772229904,589.1339880186671,591.680419921875,37177400,0.0,0.0,0.0
2025-01-30 00:00:00-05:00,593.7943006280343,596.389819126707,590.6087851839717,594.8560791015625,39281300,0.0,0.0,0.0
2025-01-31 00:00:00-05:00,597.2747575383468,599.6933732210748,590.9333098394596,591.6903686523438,66566900,0.0,0.0,0.0
2025-02-03 00:00:00-05:00,582.6943020815504,590.1860392450765,580.5510025263411,587.70849609375,65857200,0.0,0.0,0.0
2025-02-04 00:00:00-05:00,587.7675957701897,592.1623298220667,587.2268651385132,591.651123046875,33457800,0.0,0.0,0.0
2025-02-05 00:00:00-05:00,590.5302274178379,594.1974260072697,588.5049031019603,594.0499267578125,30653100,0.0,0.0,0.0
2025-02-06 00:00:00-05:00,595.7901616750784,596.242440705887,592.4867305159943,596.1146240234375,35771500,0.0,0.0,0.0
2025-02-07 00:00:00-05:00,596.6750666805723,597.8941858585465,589.9501686239648,590.6580810546875,50788500,0.0,0.0,0.0
2025-02-10 00:00:00-05:00,593.8631663388722,595.3083949100401,592.5948408497425,594.6693115234375,26048700,0.0,0.0,0.0
2025-02-11 00:00:00-05:00,592.4080280097315,595.662312577201,592.2900526181724,595.12158203125,30056700,0.0,0.0,0.0
2025-02-12 00:00:00-05:00,589.1145136580423,594.3744405625547,588.4361250659014,593.2044677734375,45076100,0.0,0.0,0.0
2025-02-13 00:00:00-05:00,594.3055902381474,599.6737110792319,593.047165943141,599.4672241210938,40921300,0.0,0.0,0.0
2025-02-14 00:00:00-05:00,599.6736338799176,600.7059485220444,598.8182823186273,599.4376831054688,26910400,0.0,0.0,0.0
2025-02-18 00:00:00-05:00,600.5977915687461,601.197509765625,598.1398710820379,601.197509765625,26749000,0.0,0.0,0.0
2025-02-19 00:00:00-05:00,599.8113366176324,602.908280775238,599.3000698962699,602.6133422851562,31011100,0.0,0.0,0.0
2025-02-20 00:00:00-05:00,601.2467721645895,601.3844301402796,596.8028918726411,600.1063232421875,36554000,0.0,0.0,0.0
2025-02-21 00:00:00-05:00,599.8899930676969,600.0276510429451,589.3799206723878,589.842041015625,76519800,0.0,0.0,0.0
2025-02-24 00:00:00-05:00,591.8869960824046,592.8800056614799,586.4500466079941,587.157958984375,50737200,0.0,0.0,0.0
2025-02-25 00:00:00-05:00,587.0989070332523,587.8264418905826,579.636634088407,584.2378540039062,58266500,0.0,0.0,0.0
2025-02-26 00:00:00-05:00,585.8994552001853,589.488043359785,581.8979531727184,584.5328369140625,43321600,0.0,0.0,0.0
2025-02-27 00:00:00-05:00,586.8039490929929,587.9542991571739,574.809344386224,575.2025756835938,74196700,0.0,0.0,0.0
2025-02-28 00:00:00-05:00,575.7040488167072,584.7098443771037,572.6365684069419,584.178955078125,88744100,0.0,0.0,0.0
2025-03-03 00:00:00-05:00,586.1452445030724,587.2857532860544,570.1392964764723,573.9441528320312,74249200,0.0,0.0,0.0
2025-03-04 00:00:00-05:00,569.9525786591505,575.5369680083471,562.6181207422406,567.1505126953125,109648200,0.0,0.0,0.0
2025-03-05 00:00:00-05:00,566.9832562516485,575.03540599116,563.4340335479696,573.2460327148438,71230500,0.0,0.0,0.0
2025-03-06 00:00:00-05:00,565.7936477589768,570.4047092717689,560.5238803180225,563.0703125,80094900,0.0,0.0,0.0
2025-03-07 00:00:00-05:00,561.2907933786839,567.6715458955733,556.1094773560538,566.2262573242188,81158800,0.0,0.0,0.0
2025-03-10 00:00:00-04:00,558.0365509948175,559.9536812738498,546.2385307775894,551.14453125,99326600,0.0,0.0,0.0
2025-03-11 00:00:00-04:00,549.984271043128,554.5265029627828,542.7284855075093,546.5628051757812,88102100,0.0,0.0,0.0
2025-03-12 00:00:00-04:00,552.7077001878538,553.631880779765,544.3704523001988,549.4632568359375,69588200,0.0,0.0,0.0
2025-03-13 00:00:00-04:00,549.0897410912327,549.6993007329935,540.4280293989021,542.1387329101562,74079400,0.0,0.0,0.0
2025-03-14 00:00:00-04:00,546.7497351697265,554.3398260143258,542.2075022062043,553.3369750976562,62660300,0.0,0.0,0.0
2025-03-17 00:00:00-04:00,553.3172227764923,560.1207900872192,552.8846263579363,557.6038818359375,49008700,0.0,0.0,0.0
2025-03-18 00:00:00-04:00,555.2934937414076,555.5098219909205,549.6501167935029,551.5771484375,66041400,0.0,0.0,0.0
2025-03-19 00:00:00-04:00,553.3565563629542,561.3398770802173,552.1767425607164,557.5841674804688,66556000,0.0,0.0,0.0
2025-03-20 00:00:00-04:00,553.848245552193,560.966374832501,553.1304918485869,555.9718627929688,62958200,0.0,0.0,0.0
2025-03-21 00:00:00-04:00,551.5205297947124,557.0526817242638,550.2878724028328,556.1552734375,83763000,1.696,0.0,0.0
2025-03-24 00:00:00-04:00,562.880651498493,567.1703352751009,562.2890000340255,566.1151733398438,58766800,0.0,0.0,0.0
2025-03-25 00:00:00-04:00,567.3181383211917,568.4127234708074,565.7304902910278,567.4759521484375,38355700,0.0,0.0,0.0
2025-03-26 00:00:00-04:00,567.2097001365158,568.3338979913931,559.3206937528307,560.7012939453125,51848300,0.0,0.0,0.0
2025-03-27 00:00:00-04:00,559.3108687859911,562.9792883535321,557.101956447335,559.2122802734375,42164200,0.0,0.0,0.0
2025-03-28 00:00:00-04:00,557.6838014665011,558.4135249923543,547.3689030262066,547.95068359375,71662700,0.0,0.0,0.0
2025-03-31 00:00:00-04:00,542.201606334121,552.93066066187,539.2826520783074,551.6289672851562,95328200,0.0,0.0,0.0
2025-04-01 00:00:00-04:00,549.7159501655996,555.1297722698289,545.998235889195,553.1870727539062,54609600,0.0,0.0,0.0
2025-04-02 00:00:00-04:00,547.3491017135567,559.547472787333,547.1124411566806,556.687744140625,76014500,0.0,0.0,0.0
2025-04-03 00:00:00-04:00,537.5471385326381,540.3674444952709,529.2538452148438,529.2538452148438,125986000,0.0,0.0,0.0
2025-04-04 00:00:00-04:00,516.404523136506,518.5740121118964,498.05273494035157,498.2696838378906,217965100,0.0,0.0,0.0
2025-04-07 00:00:00-04:00,482.4029468413161,515.9114867336431,475.1154617622772,497.3822021484375,256611400,0.0,0.0,0.0
2025-04-08 00:00:00-04:00,514.6196468974629,517.6963548854247,482.3733480760591,489.591796875,165816600,0.0,0.0,0.0
2025-04-09 00:00:00-04:00,486.59399925019795,541.0084228515625,486.20939567811143,541.0084228515625,241867300,0.0,0.0,0.0
2025-04-10 00:00:00-04:00,524.7865408671853,526.098105010763,502.2535908103832,517.3018798828125,162331200,0.0,0.0,0.0
2025-04-11 00:00:00-04:00,515.7536352571723,528.9874258955272,512.8544231608307,526.531982421875,97866300,0.0,0.0,0.0
2025-04-14 00:00:00-04:00,536.5017296923237,536.7285795544979,526.4531053782949,531.64013671875,68034000,0.0,0.0,0.0
2025-04-15 00:00:00-04:00,532.1825399641931,535.6931457102869,529.3622343758641,530.151123046875,56892900,0.0,0.0,0.0
2025-04-16 00:00:00-04:00,524.3034408726064,530.4273047249436,513.0714517926509,518.366943359375,83484800,0.0,0.0,0.0
2025-04-17 00:00:00-04:00,520.3194821276195,523.800475242003,516.6411916080497,519.1065063476562,79868100,0.0,0.0,0.0
2025-04-21 00:00:00-04:00,513.9293621868783,514.4619087085769,501.4055809569725,506.7503967285156,69368100,0.0,0.0,0.0
2025-04-22 00:00:00-04:00,512.9235348557764,521.9564215250564,511.9867032226325,519.9348754882812,75948100,0.0,0.0,0.0
2025-04-23 00:00:00-04:00,532.9319549297188,537.8625838932508,526.4728430251603,527.991455078125,90590700,0.0,0.0,0.0
2025-04-24 00:00:00-04:00,529.2734571828396,539.8348871004667,528.0211182344198,539.1051635742188,64150400,0.0,0.0,0.0
2025-04-25 00:00:00-04:00,539.0656730072541,543.4045902561826,536.1467190777879,543.0003051757812,61119600,0.0,0.0,0.0
2025-04-28 00:00:00-04:00,543.7398828426063,545.8698879448922,537.458266732935,543.2073364257812,47613800,0.0,0.0,0.0
2025-04-29 00:00:00-04:00,541.294298062473,547.7435994540236,540.9393072120234,546.6292724609375,47775100,0.0,0.0,0.0
2025-04-30 00:00:00-04:00,539.9729835885655,548.7988227140515,534.0069337400583,546.8462524414062,93101500,0.0,0.0,0.0
2025-05-01 00:00:00-04:00,552.5952816524762,556.2439589647481,550.1200963901105,550.7216186523438,63186100,0.0,0.0,0.0
2025-05-02 00:00:00-04:00,556.894803218062,560.4941864598073,554.5774316657111,558.8966674804688,60717300,0.0,0.0,0.0
2025-05-05 00:00:00-04:00,554.7649336459477,558.7883447426168,553.9070088060607,555.69189453125,38659200,0.0,0.0,0.0
2025-05-06 00:00:00-04:00,550.1891335164119,555.5339182387945,549.232620427504,551.0470581054688,48264700,0.0,0.0,0.0
2025-05-07 00:00:00-04:00,552.3784371058738,555.9975022415719,548.3254139860352,553.3645629882812,55588000,0.0,0.0,0.0
2025-05-08 00:00:00-04:00,557.3977713110521,562.3974366423718,553.9069074354913,557.2202758789062,65130800,0.0,0.0,0.0
2025-05-09 00:00:00-04:00,558.6205786168767,559.6264462916283,554.9522191721212,556.5103149414062,37603400,0.0,0.0,0.0
2025-05-12 00:00:00-04:00,573.4026196086874,574.9114211824733,569.0340889310521,574.9015502929688,78993600,0.0,0.0,0.0
2025-05-13 00:00:00-04:00,575.3156554869938,580.9070323903663,574.7536167184122,578.6981201171875,67947200,0.0,0.0,0.0
2025-05-14 00:00:00-04:00,579.6546629482465,580.8084133986617,577.4161378946785,579.437744140625,66283500,0.0,0.0,0.0
2025-05-15 00:00:00-04:00,577.4358426248243,582.770756919371,576.9822030720642,582.2678833007812,71268100,0.0,0.0,0.0
2025-05-16 00:00:00-04:00,583.0469103495059,586.2518193704545,581.1042713102905,585.9559936523438,76052100,0.0,0.0,0.0
2025-05-19 00:00:00-04:00,579.9406348417033,587.27741416191,579.9406348417033,586.5969848632812,68168500,0.0,0.0,0.0
2025-05-20 00:00:00-04:00,584.8614766498325,585.8081190582527,581.4198464644389,584.624755859375,60614500,0.0,0.0,0.0
2025-05-21 00:00:00-04:00,580.2759763071138,584.3585523251965,573.7478271095126,574.7733764648438,95197700,0.0,0.0,0.0
2025-05-22 00:00:00-04:00,574.5760959985981,578.4811762683786,573.3434386116112,575.0001831054688,70860400,0.0,0.0,0.0
2025-05-23 00:00:00-04:00,567.988738706783,573.7378691727489,567.6140060747297,571.0753173828125,76029000,0.0,0.0,0.0
2025-05-27 00:00:00-04:00,577.938827709351,583.1061179228353,570.4048112020747,582.9483642578125,72588500,0.0,0.0,0.0
2025-05-28 00:00:00-04:00,583.3526236048898,584.545857588394,578.8460211072919,579.5757446289062,68445500,0.0,0.0,0.0
2025-05-29 00:00:00-04:00,584.8318964184041,584.969968506741,577.9388851521843,581.8636474609375,69973300,0.0,0.0,0.0
2025-05-30 00:00:00-04:00,580.7590679776305,582.92855680446,575.148009692676,581.2127075195312,90601200,0.0,0.0,0.0
2025-06-02 00:00:00-04:00,579.6053591727813,584.5655410710423,576.9428072484826,584.4866943359375,61630500,0.0,0.0,0.0
2025-06-03 00:00:00-04:00,584.121791379625,588.7960181097066,583.6385391723649,587.8197631835938,63606200,0.0,0.0,0.0
2025-06-04 00:00:00-04:00,588.6777258495218,589.6539808386906,587.2280895107962,587.6619873046875,57314200,0.0,0.0,0.0
2025-06-05 00:00:00-04:00,589.3383724752952,590.6893600195378,582.8496477946317,584.8218994140625,92278700,0.0,0.0,0.0
2025-06-06 00:00:00-04:00,590.3540112930365,592.4939474926597,588.5789969918866,590.827392578125,66588700,0.0,0.0,0.0
2025-06-09 00:00:00-04:00,591.3994087206146,592.9082102708385,590.1864930975049,591.3599853515625,53016400,0.0,0.0,0.0
2025-06-10 00:00:00-04:00,591.8924030034493,595.0973118762876,590.7781362147839,594.7127685546875,66247000,0.0,0.0,0.0
2025-06-11 00:00:00-04:00,595.8074157747775,596.6653405011278,590.9556931519085,593.0166625976562,73658200,0.0,0.0,0.0
2025-06-12 00:00:00-04:00,591.6853731206485,595.3734741210938,591.2021810906274,595.3734741210938,64129000,0.0,0.0,0.0
2025-06-13 00:00:00-04:00,590.1963519379123,593.499849631983,587.218232455665,588.7171630859375,89506000,0.0,0.0,0.0
2025-06-16 00:00:00-04:00,592.0699627819344,596.0637602908375,591.892407169678,594.3182983398438,79984100,0.0,0.0,0.0
2025-06-17 00:00:00-04:00,591.8827397980266,593.4013522514763,588.4805928783151,589.2399291992188,82209400,0.0,0.0,0.0
2025-06-18 00:00:00-04:00,590.1371267775953,592.8785252065284,588.1944276516227,589.1510009765625,76605000,0.0,0.0,0.0
2025-06-20 00:00:00-04:00,591.8224395288368,592.8906208578056,586.3629131433069,587.7673950195312,94051400,1.761,0.0,0.0
2025-06-23 00:00:00-04:00,588.5190130228361,593.9587392448562,585.4035696790836,593.5730590820312,87426000,0.0,0.0,0.0
2025-06-24 00:00:00-04:00,597.7072083922786,601.1885919192599,596.7972471416377,600.13037109375,67735300,0.0,0.0,0.0
2025-06-25 00:00:00-04:00,601.2479344884113,601.9402753154866,598.9039119654944,600.4666137695312,62114800,0.0,0.0,0.0
2025-06-26 00:00:00-04:00,602.3161684365299,605.5997923429508,601.7029677445283,605.1646118164062,78548400,0.0,0.0,0.0
2025-06-27 00:00:00-04:00,606.1634816784541,609.6350254118207,604.1359596054803,608.1712036132812,86258400,0.0,0.0,0.0
2025-06-30 00:00:00-04:00,610.6142201701539,612.4340220516922,608.2998373553096,611.0790405273438,92502500,0.0,0.0,0.0
2025-07-01 00:00:00-04:00,609.6053849111585,612.0483479268365,608.7746241554748,610.8812866210938,70030100,0.0,0.0,0.0
2025-07-02 00:00:00-04:00,610.4757907292374,613.6901746824169,609.8526899336259,613.650634765625,66510400,0.0,0.0,0.0
2025-07-03 00:00:00-04:00,615.628656191773,619.4167005776212,615.6088560521965,618.4869995117188,51065800,0.0,0.0,0.0
2025-07-07 00:00:00-04:00,616.5286134886126,617.1913144548079,611.0987877910964,613.8779907226562,74814500,0.0,0.0,0.0
2025-07-08 00:00:00-04:00,614.5406899285775,615.2923708557059,612.7307881009865,613.5418090820312,59024600,0.0,0.0,0.0
2025-07-09 00:00:00-04:00,615.945166968477,617.8737488887257,614.1055045789822,617.2210083007812,66113300,0.0,0.0,0.0
2025-07-10 00:00:00-04:00,617.3594891460615,620.0002120765442,616.1825277796053,618.9617309570312,57529000,0.0,0.0,0.0
2025-07-11 00:00:00-04:00,615.9155275578457,618.0122901417473,614.7188263007702,616.785888671875,63670200,0.0,0.0,0.0
2025-07-14 00:00:00-04:00,616.3308265898004,618.3089087938923,614.9857451789246,617.9627685546875,51898500,0.0,0.0,0.0
2025-07-15 00:00:00-04:00,620.6431287961128,620.9793689858044,615.242942324076,615.3220825195312,74317300,0.0,0.0,0.0
2025-07-16 00:00:00-04:00,616.9044910111767,617.8836320494379,611.276844692317,617.3792114257812,88987500,0.0,0.0,0.0
2025-07-17 00:00:00-04:00,617.557284919235,621.5134493059918,617.3396644874989,621.1573486328125,68885700,0.0,0.0,0.0
2025-07-18 00:00:00-04:00,622.4035753929759,622.5716954836944,619.5947323692288,620.7024536132812,65621600,0.0,0.0,0.0
2025-07-21 00:00:00-04:00,621.87939453125,624.6189973413707,621.4541141003111,621.87939453125,63375000,0.0,0.0,0.0
2025-07-22 00:00:00-04:00,622.2058050575365,622.828905853138,619.3277216791315,621.9684448242188,60046300,0.0,0.0,0.0
2025-07-23 00:00:00-04:00,624.6288825447934,627.259765625,622.8288205336723,627.259765625,70511000,0.0,0.0,0.0
2025-07-24 00:00:00-04:00,627.6454273719465,629.1784892953694,627.0421268182102,627.4674072265625,71307100,0.0,0.0,0.0
2025-07-25 00:00:00-04:00,628.1301809903662,630.5928838363332,627.8829206987424,630.1181030273438,56865400,0.0,0.0,0.0
2025-07-28 00:00:00-04:00,630.4939604147171,631.0478210681617,628.5752180855901,629.9598999023438,54917100,0.0,0.0,0.0
2025-07-29 00:00:00-04:00,631.3544434316219,631.670943868378,627.388438817005,628.29833984375,60556300,0.0,0.0,0.0
2025-07-30 00:00:00-04:00,628.9510415464463,630.6917636576716,624.6190364089183,627.507080078125,80418900,0.0,0.0,0.0
2025-07-31 00:00:00-04:00,632.4522656090571,632.8379457731452,623.8574957354674,625.1531372070312,103385200,0.0,0.0,0.0
2025-08-01 00:00:00-04:00,619.4364414435403,619.476041722763,612.5032535330552,614.9066162109375,140103600,0.0,0.0,0.0
2025-08-04 00:00:00-04:00,618.8133862322555,624.3025527793549,618.7244063300172,624.2531127929688,73218000,0.0,0.0,0.0
2025-08-05 00:00:00-04:00,624.866279158634,625.6773001361546,620.1683337507773,621.088134765625,68051400,0.0,0.0,0.0
2025-08-06 00:00:00-04:00,622.1562946160922,626.4981995520814,621.2463937026511,625.845458984375,64357500,0.0,0.0,0.0
2025-08-07 00:00:00-04:00,629.2674923107387,629.9993730574174,622.2156245224251,625.3212280273438,74205800,0.0,0.0,0.0
2025-08-08 00:00:00-04:00,627.1114011688534,630.6620853000642,626.7949007710238,630.1972045898438,64051600,0.0,0.0,0.0
2025-08-11 00:00:00-04:00,630.4742118551501,631.947873553624,627.70484826023,628.9510498046875,58742300,0.0,0.0,0.0
2025-08-12 00:00:00-04:00,631.2950454377703,635.8050706066525,629.8114837326607,635.6468505859375,64730800,0.0,0.0,0.0
2025-08-13 00:00:00-04:00,637.8425547169825,639.1085564704525,635.6370120856271,637.8228149414062,60092800,0.0,0.0,0.0
2025-08-14 00:00:00-04:00,635.7457174616427,638.5447207235369,635.300697252298,637.882080078125,59327500,0.0,0.0,0.0
2025-08-15 00:00:00-04:00,638.9107148606824,639.0096552004113,635.4787708739423,636.388671875,68592500,0.0,0.0,0.0
2025-08-18 00:00:00-04:00,635.814941575414,636.942462907598,635.1424008771667,636.2501220703125,43804900,0.0,0.0,0.0
2025-08-19 00:00:00-04:00,636.0721245937336,637.0512656505922,631.4829592777961,632.7984008789062,69750700,0.0,0.0,0.0
2025-08-20 00:00:00-04:00,632.3929060531275,632.6500060324975,626.013578858981,631.1170043945312,88890300,0.0,0.0,0.0
2025-08-21 00:00:00-04:00,629.3071851926883,630.978606926108,626.8642219548319,628.5851440429688,54805800,0.0,0.0,0.0
2025-08-22 00:00:00-04:00,630.7709103705197,639.4151205943501,630.2664897119097,638.2381591796875,84083200,0.0,0.0,0.0
2025-08-25 00:00:00-04:00,636.9820621561176,638.218363635622,635.3105801411765,635.4292602539062,51274300,0.0,0.0,0.0
2025-08-26 00:00:00-04:00,635.1622594491828,638.4359833484747,634.5391586749303,638.0897827148438,51581600,0.0,0.0,0.0
2025-08-27 00:00:00-04:00,637.5062787617181,640.2755819843173,637.3578984386413,639.543701171875,48341100,0.0,0.0,0.0
2025-08-28 00:00:00-04:00,640.146950913372,642.3623933153343,638.267809046051,641.8085327148438,61519500,0.0,0.0,0.0
2025-08-29 00:00:00-04:00,640.374480883152,640.7404816664739,636.0919759234915,637.9810180664062,74522200,0.0,0.0,0.0
2025-09-02 00:00:00-04:00,630.5137545728464,633.4709780533357,627.9620114164865,633.25341796875,81983500,0.0,0.0,0.0
2025-09-03 00:00:00-04:00,635.6270824559713,637.1502445176759,633.4413400681225,636.6853637695312,70820900,0.0,0.0,0.0
2025-09-04 00:00:00-04:00,637.3578424589464,642.0360478647699,636.4578416280056,642.00634765625,65219200,0.0,0.0,0.0
2025-09-05 00:00:00-04:00,644.3404973975818,645.0625384730564,636.2798483910566,640.14697265625,85178900,0.0,0.0,0.0
2025-09-08 00:00:00-04:00,641.5118230975241,642.718484610511,640.1370415028089,641.7195434570312,63133100,0.0,0.0,0.0
2025-09-09 00:00:00-04:00,641.8579832056892,643.7272854003053,640.1271612550325,643.203125,66133900,0.0,0.0,0.0
2025-09-10 00:00:00-04:00,646.4570213518696,647.3768223058731,643.4997982019892,645.0625,78034500,0.0,0.0,0.0
2025-09-11 00:00:00-04:00,647.0109525903231,651.1154976382888,646.4274520986086,650.4231567382812,69934400,0.0,0.0,0.0
2025-09-12 00:00:00-04:00,650.3934256012134,651.8868873722256,649.7011451004063,650.2055053710938,72780100,0.0,0.0,0.0
2025-09-15 00:00:00-04:00,652.4111340519337,653.795755474802,652.1144337731963,653.6671752929688,63772400,0.0,0.0,0.0
2025-09-16 00:00:00-04:00,654.2209512044083,654.5276118800496,651.9857691498868,652.76708984375,61169000,0.0,0.0,0.0
2025-09-17 00:00:00-04:00,652.7770367516476,654.4682584259048,647.1295902463727,651.9561157226562,101952200,0.0,0.0,0.0
2025-09-18 00:00:00-04:00,654.6364399867887,657.603563340362,653.0341982051615,655.0023803710938,90459200,0.0,0.0,0.0
2025-09-19 00:00:00-04:00,656.8877828567474,659.0895125014193,654.9438659954435,658.2465209960938,97945600,1.831,0.0,0.0
2025-09-22 00:00:00-04:00,656.7587687117981,661.8069106980723,656.7289861632065,661.3606567382812,69452200,0.0,0.0,0.0
2025-09-23 00:00:00-04:00,661.2417286303936,661.8566899635472,656.540685502851,657.7606201171875,81708900,0.0,0.0,0.0
2025-09-24 00:00:00-04:00,659.0497999269948,659.1489540239103,654.2495430702726,655.6677856445312,68082200,0.0,0.0,0.0
2025-09-25 00:00:00-04:00,652.5338627083877,653.9917550046746,649.0328388399253,652.6429443359375,89622100,0.0,0.0,0.0
2025-09-26 00:00:00-04:00,654.0909412604747,656.9274266555326,652.4743298182361,656.3819580078125,69179200,0.0,0.0,0.0
2025-09-29 00:00:00-04:00,658.9010899003678,659.8135740530697,656.4216318338509,658.2266845703125,73499000,0.0,0.0,0.0
2025-09-30 00:00:00-04:00,657.4828203674869,661.1722852976668,656.173659297658,660.7061157226562,86288000,0.0,0.0,0.0
2025-10-01 00:00:00-04:00,657.7208749627936,663.8699431635192,657.611793334362,662.95751953125,72545400,0.0,0.0,0.0
2025-10-02 00:00:00-04:00,664.9410037342527,665.0600128657511,661.3011766397112,663.7210693359375,56896000,0.0,0.0,0.0
2025-10-03 00:00:00-04:00,664.4848020775174,667.1527012490268,662.6698219114437,663.7112426757812,70494400,0.0,0.0,0.0
2025-10-06 00:00:00-04:00,666.1014192164715,666.9841207809839,663.9591941673339,666.0914916992188,54623300,0.0,0.0,0.0
2025-10-07 00:00:00-04:00,667.0138297258598,667.4601442579947,662.1838505424819,663.6219482421875,72020100,0.0,0.0,0.0
2025-10-08 00:00:00-04:00,664.7426772273783,667.6783772359653,663.919480237528,667.5791625976562,60702200,0.0,0.0,0.0
2025-10-09 00:00:00-04:00,667.9957845708525,668.4023890582872,663.7112737749407,665.6452026367188,66501900,0.0,0.0,0.0
2025-10-10 00:00:00-04:00,666.6071968358344,668.4122493878771,647.4757221413303,647.6542358398438,159422600,0.0,0.0,0.0
2025-10-13 00:00:00-04:00,655.2216030747315,659.664772492732,654.3488290056752,657.5919189453125,79560500,0.0,0.0,0.0
2025-10-14 00:00:00-04:00,651.7701536094826,660.3590300864076,647.8030207789583,656.78857421875,88779600,0.0,0.0,0.0
2025-10-15 00:00:00-04:00,661.3408732132422,664.7228272522149,653.5156893256119,659.7044067382812,81702600,0.0,0.0,0.0
2025-10-16 00:00:00-04:00,661.3409444600238,663.2154294168515,651.710706867285,655.2117309570312,110563300,0.0,0.0,0.0
2025-10-17 00:00:00-04:00,654.0810128478913,660.2895852935891,652.7322022395391,658.9308471679688,96500900,0.0,0.0,0.0
2025-10-20 00:00:00-04:00,661.8367798071084,666.6866142382812,661.7872027532737,665.7840576171875,60493400,0.0,0.0,0.0
2025-10-21 00:00:00-04:00,665.9229005771253,667.4601523988813,664.4748753427003,665.7741088867188,56249000,0.0,0.0,0.0
2025-10-22 00:00:00-04:00,666.4783066993808,666.4783066993808,657.8497808005621,662.3128051757812,80564000,0.0,0.0,0.0
2025-10-23 00:00:00-04:00,662.6301900162397,667.1825015615415,662.3128121266341,666.2402954101562,65604500,0.0,0.0,0.0
2025-10-24 00:00:00-04:00,670.9016937183009,672.8951271271609,670.0983517375236,671.6851806640625,74356500,0.0,0.0,0.0
2025-10-27 00:00:00-04:00,677.1201116013259,679.9070199177999,676.5151383891614,679.6094970703125,63339800,0.0,0.0,0.0
2025-10-28 00:00:00-04:00,681.4046232640447,683.2493254549719,679.2028936555786,681.41455078125,61738100,0.0,0.0,0.0
2025-10-29 00:00:00-04:00,683.0609104229828,684.0328991417463,677.2590027977353,681.7418823242188,85657100,0.0,0.0,0.0
2025-10-30 00:00:00-04:00,678.2805222142791,680.303738053287,674.2439575195312,674.2439575195312,76335800,0.0,0.0,0.0
2025-10-31 00:00:00-04:00,679.4111219213156,679.4508319897004,673.6587916341136,676.4556274414062,87164100,0.0,0.0,0.0
2025-11-03 00:00:00-05:00,680.0359699637585,680.1649066224819,674.3530715971103,677.7251586914062,57315000,0.0,0.0,0.0
2025-11-04 00:00:00-05:00,670.5545580097922,674.3729598389511,669.0371611161902,669.6917114257812,78427000,0.0,0.0,0.0
2025-11-05 00:00:00-05:00,669.433839434071,675.2655297930335,668.630497422053,672.0125122070312,74402400,0.0,0.0,0.0
2025-11-06 00:00:00-05:00,670.9115428502156,671.8140994484131,663.2252231578799,664.8021850585938,85035300,0.0,0.0,0.0
2025-11-07 00:00:00-05:00,662.4218719882706,665.5658682287408,655.7769731606511,665.4567260742188,100592400,0.0,0.0,0.0
2025-11-10 00:00:00-05:00,671.6752576501947,676.57466917413,669.4834554774103,675.8407592773438,75842900,0.0,0.0,0.0
2025-11-11 00:00:00-05:00,674.3629519753922,677.9532020666294,673.1529450781785,677.3878784179688,58953400,0.0,0.0,0.0
2025-11-12 00:00:00-05:00,679.1631581075335,679.3318048264125,675.3547447293747,677.7647705078125,62312500,0.0,0.0,0.0
2025-11-13 00:00:00-05:00,674.9084518036677,675.2654792192372,665.010475070097,666.5179443359375,103457800,0.0,0.0,0.0
2025-11-14 00:00:00-05:00,659.9127671356764,670.1082678298286,657.8201189320223,666.408935546875,96846700,0.0,0.0,0.0
2025-11-17 00:00:00-05:00,664.1971714004484,668.1742314199619,656.7290154076413,660.2002563476562,90456100,0.0,0.0,0.0
2025-11-18 00:00:00-05:00,656.6596108350068,659.6548153709225,650.4708935566339,654.65625,114467500,0.0,0.0,0.0
2025-11-19 00:00:00-05:00,655.3505280387882,661.856623370592,653.3371790986623,657.185302734375,94703000,0.0,0.0,0.0
2025-11-20 00:00:00-05:00,667.3808213360044,670.0090710879778,646.5335791707308,647.1683349609375,165293500,0.0,0.0,0.0
2025-11-21 00:00:00-05:00,649.6675301260088,659.0894699034471,645.5020288545189,653.6148681640625,123956200,0.0,0.0,0.0
2025-11-24 00:00:00-05:00,657.2448196444445,664.5542570793402,656.1538823239337,663.2351684570312,80437900,0.0,0.0,0.0
2025-11-25 00:00:00-05:00,663.135941149376,670.6536740212097,659.020017057554,669.4734497070312,81077100,0.0,0.0,0.0
2025-11-26 00:00:00-05:00,672.0620713400136,676.0986363282427,671.1595147067713,674.09521484375,71879600,0.0,0.0,0.0
2025-11-28 00:00:00-05:00,675.2654787466182,678.0523870500939,674.9084513312986,677.7747192382812,49212000,0.0,0.0,0.0
2025-12-01 00:00:00-05:00,673.2323336611282,677.3779800628074,673.1629015749381,674.6803588867188,61201200,0.0,0.0,0.0
2025-12-02 00:00:00-05:00,676.316803165018,678.2012155152329,673.7481184984898,675.9300537109375,62953800,0.0,0.0,0.0
2025-12-03 00:00:00-05:00,674.9779023816353,679.2822075879724,674.105128319461,678.2706298828125,57238500,0.0,0.0,0.0
2025-12-04 00:00:00-05:00,679.6690366334618,679.7384687237238,675.7416137771377,678.7665405273438,61970300,0.0,0.0,0.0
2025-12-05 00:00:00-05:00,679.8375623637357,682.7336127271673,678.9549213715281,680.0557861328125,79241000,0.0,0.0,0.0
2025-12-08 00:00:00-05:00,680.9484564225444,680.9980334759979,675.9696853695019,678.0127563476562,55231500,0.0,0.0,0.0
2025-12-09 00:00:00-05:00,677.5366934232544,679.7582780276033,676.9812972721672,677.4275512695312,58310100,0.0,0.0,0.0
2025-12-10 00:00:00-05:00,676.9515664343469,683.3088703732143,675.711837383319,681.92041015625,85671300,0.0,0.0,0.0
2025-12-11 00:00:00-05:00,679.51034738166,683.5865617528303,676.5647198382891,683.5072021484375,86173700,0.0,0.0,0.0
2025-12-12 00:00:00-05:00,682.5153843270051,683.2195721462687,673.5893360954813,676.1580810546875,113160300,0.0,0.0,0.0
2025-12-15 00:00:00-05:00,680.1053789946951,680.1252340287925,673.6687159286942,675.1365356445312,90811000,0.0,0.0,0.0
2025-12-16 00:00:00-05:00,673.6488975485244,675.4837328267965,669.4338188610296,673.2918701171875,122030600,0.0,0.0,0.0
2025-12-17 00:00:00-05:00,674.3034691132465,674.8489377460819,665.6848710067972,665.8832397460938,110625200,0.0,0.0,0.0
2025-12-18 00:00:00-05:00,672.0322187932205,675.1464323222394,669.3544527925658,670.9114990234375,108650100,0.0,0.0,0.0
2025-12-19 00:00:00-05:00,673.0134542661981,677.4896664833268,672.8940327515619,676.9923095703125,103599500,1.993,0.0,0.0
2025-12-22 00:00:00-05:00,680.3245290528953,681.7370055876305,676.9922622536055,681.2098388671875,69556700,0.0,0.0,0.0
2025-12-23 00:00:00-05:00,680.3046207584179,684.562024812114,680.2548972126992,684.3233032226562,64840000,0.0,0.0,0.0
2025-12-24 00:00:00-05:00,684.313382495532,687.1781631452748,684.164151137988,686.7305297851562,39445600,0.0,0.0,0.0
2025-12-26 00:00:00-05:00,686.989161229118,688.0037280321676,685.6264081645946,686.660888671875,41613300,0.0,0.0,0.0
2025-12-29 00:00:00-05:00,683.9055083361335,685.5567672531378,682.4433081832867,684.2138671875,62559500,0.0,0.0,0.0
2025-12-30 00:00:00-05:00,683.8159723723246,684.9200900521846,682.9505762759469,683.3782958984375,47160700,0.0,0.0,0.0
2025-12-31 00:00:00-05:00,683.5076844111845,683.726492314561,678.1063955310838,678.3152465820312,74144800,0.0,0.0,0.0
2026-01-02 00:00:00-05:00,682.0852055985325,683.2390468658663,676.2263268834449,679.55859375,89377200,0.0,0.0,0.0
2026-01-05 00:00:00-05:00,682.910839643419,685.7855773037328,682.7517121374489,684.0845947265625,71927200,0.0,0.0,0.0
2026-01-06 00:00:00-05:00,684.2934596862484,688.6602678554459,684.1442890432024,688.1529541015625,69273800,0.0,0.0,0.0
2026-01-07 00:00:00-05:00,688.5309418430683,690.2916046822218,685.6761181181482,685.9347534179688,75588300,0.0,0.0,0.0
2026-01-08 00:00:00-05:00,685.1787573638412,686.9692300361542,683.8557710289468,685.8651123046875,64019200,0.0,0.0,0.0
2026-01-09 00:00:00-05:00,686.9791831428475,691.6344363504869,685.5368360184962,690.4010009765625,80125500,0.0,0.0,0.0
2026-01-12 00:00:00-05:00,687.0289310253164,692.410366767912,686.979207477028,691.4852294921875,63976000,0.0,0.0,0.0
2026-01-13 00:00:00-05:00,691.813478661017,692.4103433578374,687.6953490317495,690.1026000976562,78309700,0.0,0.0,0.0
2026-01-14 00:00:00-05:00,687.347202661372,688.0633674208381,682.4134005947378,686.7105712890625,94676700,0.0,0.0,0.0
2026-01-15 00:00:00-05:00,690.8983886882239,691.7737417111902,687.5959315038539,688.5806884765625,77862000,0.0,0.0,0.0
2026-01-16 00:00:00-05:00,689.9931507530615,690.5800586110835,686.4519720383781,688.0037231445312,79289200,0.0,0.0,0.0
2026-01-20 00:00:00-05:00,677.8874730475171,681.1501633341576,672.9934983300664,673.9981689453125,111623300,0.0,0.0,0.0
2026-01-21 00:00:00-05:00,676.0572511802958,685.0991655259935,674.5452667925615,681.77685546875,127844500,0.0,0.0,0.0
2026-01-22 00:00:00-05:00,686.2033478813381,687.476610793547,683.2888434897402,685.3379516601562,77112200,0.0,0.0,0.0
2026-01-23 00:00:00-05:00,684.5123006998919,687.3074439470811,683.5274830754288,685.5865478515625,63059600,0.0,0.0,0.0
2026-01-26 00:00:00-05:00,686.8399658941375,690.4607389282814,686.2729717064406,689.068115234375,60473800,0.0,0.0,0.0
2026-01-27 00:00:00-05:00,690.5104039402848,692.8480177488461,689.9036431059924,691.8134765625,55506100,0.0,0.0,0.0
2026-01-28 00:00:00-05:00,693.3652237572153,694.1510864943795,690.271678492269,691.7438354492188,61172200,0.0,0.0,0.0
2026-01-29 00:00:00-05:00,692.7087686795362,693.375209936545,681.2098793986574,690.3711547851562,97486200,0.0,0.0,0.0
2026-01-30 00:00:00-05:00,688.1330925763239,690.540343876794,683.4877957603626,688.3121337890625,101835100,0.0,0.0,0.0
2026-02-02 00:00:00-05:00,685.9347490634862,693.2458711004026,685.7755608588325,691.73388671875,79286500,0.0,0.0,0.0
2026-02-03 00:00:00-05:00,692.529690413304,693.2757257351432,680.4140840721383,685.885009765625,107904600,0.0,0.0,0.0
2026-02-04 00:00:00-05:00,686.7006659106327,687.7948875474046,678.1561081391175,682.5626831054688,105204600,0.0,0.0,0.0
2026-02-05 00:00:00-05:00,677.3404209861714,680.0758839506523,672.2176206040476,674.0379638671875,113610800,0.0,0.0,0.0
2026-02-06 00:00:00-05:00,677.8576866055596,688.6503070282812,677.2508650473027,686.96923828125,89127600,0.0,0.0,0.0
2026-02-09 00:00:00-05:00,685.7755337993461,692.1914496038428,684.7012866666231,690.2816162109375,73885200,0.0,0.0,0.0
2026-02-10 00:00:00-05:00,691.276360737094,692.8579216647231,688.0037135108784,688.4613037109375,65185700,0.0,0.0,0.0
2026-02-11 00:00:00-05:00,692.7087599208829,693.4547952732178,685.5368515439336,688.3021850585938,76353900,0.0,0.0,0.0
2026-02-12 00:00:00-05:00,690.5701102294341,691.6742279947084,676.7734344520502,677.668701171875,118829000,0.0,0.0,0.0
2026-02-13 00:00:00-05:00,678.0864377658819,682.6522007204912,673.9384983110481,678.1461181640625,96267500,0.0,0.0,0.0
2026-02-17 00:00:00-05:00,676.5446598627462,681.31927396984,672.2077222570326,679.2402954101562,81354700,0.0,0.0,0.0
2026-02-18 00:00:00-05:00,680.4041503420104,685.507036973797,679.2204384959671,682.662109375,73570300,0.0,0.0,0.0
2026-02-19 00:00:00-05:00,680.2251236342836,682.5527199680946,677.9471901363287,680.8616943359375,58649400,0.0,0.0,0.0
2026-02-20 00:00:00-05:00,678.7131823752115,686.4122580979458,678.126274472082,685.7855834960938,100034000,0.0,0.0,0.0
2026-02-23 00:00:00-05:00,684.1940214696967,686.3525334522094,676.7734345413753,678.7827758789062,90558100,0.0,0.0,0.0
2026-02-24 00:00:00-05:00,678.295350173768,684.7112054782021,676.4053697086953,683.7164916992188,73798700,0.0,0.0,0.0
2026-02-25 00:00:00-05:00,686.53156929616,690.0130676270821,686.4519751919497,689.4859008789062,56369500,0.0,0.0,0.0
2026-02-26 00:00:00-05:00,689.615191050754,689.6350440416309,680.7323436648176,685.6561889648438,71671000,0.0,0.0,0.0
2026-02-27 00:00:00-05:00,679.4790749097389,683.2291046432514,678.0367277603054,682.3637084960938,83308900,0.0,0.0,0.0
2026-03-02 00:00:00-05:00,675.1122534180175,684.9797970984218,674.4358553343317,682.7516479492188,87477200,0.0,0.0,0.0
2026-03-03 00:00:00-05:00,671.4915420947397,679.0016196644848,666.1200629162043,676.7337036132812,105003100,0.0,0.0,0.0
2026-03-04 00:00:00-05:00,678.026802327329,683.4579617719511,676.027417786932,681.50830078125,79182200,0.0,0.0,0.0
2026-03-05 00:00:00-05:00,678.4743840881955,681.9061587313661,672.0385544367263,677.7084350585938,106606500,0.0,0.0,0.0
2026-03-06 00:00:00-05:00,669.8501461298736,672.5358853430707,666.2194774432897,668.8256225585938,100687000,0.0,0.0,0.0
2026-03-09 00:00:00-04:00,662.8673051642795,676.3257505242918,658.888450195908,674.6845092773438,102667700,0.0,0.0,0.0
2026-03-10 00:00:00-04:00,674.1374043547928,679.7476047325034,671.1930903760745,673.6002807617188,81505300,0.0,0.0,0.0
2026-03-11 00:00:00-04:00,673.9982140650914,676.4849986405864,669.7806371390539,672.7548217773438,68441700,0.0,0.0,0.0
2026-03-12 00:00:00-04:00,667.6120785283837,668.0995392824933,662.3500644519811,662.5390625,108882200,0.0,0.0,0.0
2026-03-13 00:00:00-04:00,665.7321452917186,668.7859240392634,657.863924887251,658.7890014648438,97200200,0.0,0.0,0.0
2026-03-16 00:00:00-04:00,664.8468199428278,668.5173163233716,663.5934708305671,665.493408203125,82023100,0.0,0.0,0.0
2026-03-17 00:00:00-04:00,668.8355969918504,670.8747480492216,666.1598145596139,667.2440185546875,87128000,0.0,0.0,0.0
2026-03-18 00:00:00-04:00,664.8268919718373,666.1796881508768,657.6948111200146,657.9335327148438,82062600,0.0,0.0,0.0
2026-03-19 00:00:00-04:00,653.497076818377,659.4753162945015,651.7066041735543,656.3121337890625,111272500,0.0,0.0,0.0
2026-03-20 00:00:00-04:00,654.8230422006715,655.0025723674255,643.063298812559,646.9034423828125,163617500,1.797,0.0,0.0
2026-03-23 00:00:00-04:00,656.3790129905765,660.9173090129275,652.2596206790361,653.6959228515625,134802700,0.0,0.0,0.0
2026-03-24 00:00:00-04:00,649.6463809650626,655.3417305137531,648.2100787416998,651.5015869140625,96457500,0.0,0.0,0.0
2026-03-25 00:00:00-04:00,656.9774239230809,659.1917509309695,652.5588148295345,655.1322021484375,90653800,0.0,0.0,0.0
2026-03-26 00:00:00-04:00,650.3844333840033,653.1672421520028,643.1630473705688,643.432373046875,96494400,0.0,0.0,0.0
2026-03-27 00:00:00-04:00,640.8489947137006,641.0085567819559,631.4831091918358,632.4606323242188,103649400,0.0,0.0,0.0
2026-03-30 00:00:00-04:00,638.4651675144013,638.7245091624994,627.6630399662237,630.3460693359375,99275900,0.0,0.0,0.0
2026-03-31 00:00:00-04:00,637.2981538716512,649.865752001465,636.3405988140365,648.6688842773438,152534100,0.0,0.0,0.0
2026-04-01 00:00:00-04:00,652.219751792706,656.8278752918841,651.3220400966815,653.5562744140625,97841500,0.0,0.0,0.0
2026-04-02 00:00:00-04:00,644.7589215344626,656.5086804928782,643.4522901873171,654.144775390625,68358700,0.0,0.0,0.0
2026-04-06 00:00:00-04:00,654.1746977251443,658.0247645183308,653.8356054757206,657.23681640625,39105800,0.0,0.0,0.0
2026-04-07 00:00:00-04:00,654.9626585699763,657.9150134208243,649.386996170508,657.5260009765625,69980400,0.0,0.0,0.0
2026-04-08 00:00:00-04:00,674.6519776493207,675.3402070755335,669.734652974974,674.27294921875,93606100,0.0,0.0,0.0
2026-04-09 00:00:00-04:00,673.1059235004034,679.4096297331154,672.0386657215836,678.162841796875,57134400,0.0,0.0,0.0
2026-04-10 00:00:00-04:00,679.5692561407437,680.2774536083281,676.7066358948267,677.7140502929688,42253500,0.0,0.0,0.0
2026-04-13 00:00:00-04:00,675.669302461078,684.536473353906,674.8414790590384,684.3369750976562,54185800,0.0,0.0,0.0
2026-04-14 00:00:00-04:00,685.9229138241225,692.7952238870419,685.8929616905456,692.675537109375,63480500,0.0,0.0,0.0
2026-04-15 00:00:00-04:00,693.4734516118131,698.480571570673,692.4161778504387,698.1414184570312,58240400,0.0,0.0,0.0
2026-04-16 00:00:00-04:00,699.2585607342904,700.9741726960574,696.7350934539525,699.8569946289062,49972400,0.0,0.0,0.0
2026-04-17 00:00:00-04:00,704.3255249385737,710.5594650064761,703.9464965121796,708.3152465820312,70661900,0.0,0.0,0.0
2026-04-20 00:00:00-04:00,706.9587079747221,708.0857482546458,704.3254772575062,706.8988037109375,43546800,0.0,0.0,0.0
2026-04-21 00:00:00-04:00,708.4548936431559,709.4523240430285,700.8345107773317,702.2708129882812,58941400,0.0,0.0,0.0
2026-04-22 00:00:00-04:00,707.3278031045794,709.6218808832724,706.4001392457644,709.3825073242188,42518500,0.0,0.0,0.0
2026-04-23 00:00:00-04:00,707.6768673789517,710.5295037064266,700.4754491270062,706.6295776367188,56174000,0.0,0.0,0.0
2026-04-24 00:00:00-04:00,708.9236633096505,712.6340752101273,707.1881441382454,712.10546875,45182000,0.0,0.0,0.0
2026-04-27 00:00:00-04:00,711.3374146094498,713.7911152864904,710.4696550399041,713.332275390625,33135900,0.0,0.0,0.0
2026-04-28 00:00:00-04:00,709.9908768700561,711.0481506026886,707.4274735730012,709.8612060546875,43117400,0.0,0.0,0.0
2026-04-29 00:00:00-04:00,709.1729992133655,710.3699278433978,706.5497524472755,709.7515258789062,41859200,0.0,0.0,0.0
2026-04-30 00:00:00-04:00,712.7936806635566,717.9403946619685,708.6244289610544,716.8132934570312,67240900,0.0,0.0,0.0
2026-05-01 00:00:00-04:00,719.3966516418469,723.0073446973263,718.6186267345964,718.7982177734375,43049800,0.0,0.0,0.0
2026-05-04 00:00:00-04:00,718.2196821209096,720.2644021704073,713.152718877996,716.1649780273438,51950600,0.0,0.0,0.0
2026-05-05 00:00:00-04:00,719.9153564929043,723.1769124909786,719.6360467603954,721.9102172851562,36933200,0.0,0.0,0.0
2026-05-06 00:00:00-04:00,726.288861980811,732.7023927493656,725.9497697512824,731.9443359375,53288900,0.0,0.0,0.0
2026-05-07 00:00:00-04:00,733.161188473549,734.238430329629,727.8748196364371,729.7001342773438,51724600,0.0,0.0,0.0
2026-05-08 00:00:00-04:00,733.0415191543954,736.1834492768152,732.6824588199246,735.724609375,47227100,0.0,0.0,0.0
2026-05-11 00:00:00-04:00,734.5576163199453,738.8864300819614,734.5576163199453,737.4002685546875,44024000,0.0,0.0,0.0
2026-05-12 00:00:00-04:00,734.9964788307154,736.9414802248905,729.9494836014034,736.2831420898438,54185300,0.0,0.0,0.0
2026-05-13 00:00:00-04:00,736.5723674930287,741.9983910774667,733.5800764180441,740.4025268554688,44200200,0.0,0.0,0.0
2026-05-14 00:00:00-04:00,741.7391534739264,747.6040491923611,741.649357949993,746.2474975585938,45307600,0.0,0.0,0.0
2026-05-15 00:00:00-04:00,739.8838927249178,741.5496453663399,736.0637780312098,737.2706298828125,60410800,0.0,0.0,0.0
2026-05-18 00:00:00-04:00,737.9289136337939,739.5147938000424,731.5054597381557,736.751953125,47843900,0.0,0.0,0.0
2026-05-19 00:00:00-04:00,732.8919551385734,735.7545755811656,729.650306265128,731.8446044921875,54255900,0.0,0.0,0.0
2026-05-20 00:00:00-04:00,733.8195334397973,739.9636778498481,732.0042028263388,739.3452758789062,45768000,0.0,0.0,0.0
2026-05-21 00:00:00-04:00,736.7419902854853,742.9559620700644,735.1361419849363,740.8114624023438,43332200,0.0,0.0,0.0
2026-05-22 00:00:00-04:00,744.3224328967863,747.015507083493,742.566945697205,743.7239990234375,41762000,0.0,0.0,0.0
2026-05-26 00:00:00-04:00,748.0827892360243,750.1973368284331,746.4469887578754,748.6613159179688,41123600,0.0,0.0,0.0
2026-05-27 00:00:00-04:00,748.9505199197505,749.4492351039673,746.2973210478585,748.5316162109375,42106300,0.0,0.0,0.0
2026-05-28 00:00:00-04:00,748.3221518516883,753.2095851254732,747.3047533704411,752.6609497070312,41562600,0.0,0.0,0.0
2026-05-29 00:00:00-04:00,753.9576670103595,756.1320579864754,752.7507543048832,754.5361328125,55075700,0.0,0.0,0.0
2026-06-01 00:00:00-04:00,753.4189990020213,758.3264003155792,752.7507376917755,756.5908203125,43634900,0.0,0.0,0.0
2026-06-02 00:00:00-04:00,755.0847737682097,758.4461093852723,754.805464031348,757.6182250976562,31581900,0.0,0.0,0.0
2026-06-03 00:00:00-04:00,756.2018667594974,756.8501599793441,751.6336185743088,752.3018798828125,51402500,0.0,0.0,0.0
2026-06-04 00:00:00-04:00,750.1673635570705,756.3614281257201,749.5389775481502,755.1445922851562,49923000,0.0,0.0,0.0
2026-06-05 00:00:00-04:00,750.3768677170906,750.8855669656407,733.6400171295905,735.65478515625,93989400,0.0,0.0,0.0
2026-06-08 00:00:00-04:00,741.4498108327123,743.4247643242134,736.2931129658897,737.3204345703125,49319100,0.0,0.0,0.0
2026-06-09 00:00:00-04:00,741.7191759970133,744.9807928982774,720.7332622187009,735.1560668945312,87683500,0.0,0.0,0.0
2026-06-10 00:00:00-04:00,731.5054857614351,736.4826536495077,723.4661992814284,723.56591796875,60341300,0.0,0.0,0.0
2026-06-11 00:00:00-04:00,726.8873842592473,738.0984921563339,722.5485255148498,735.8642578125,86330500,0.0,0.0,0.0
2026-06-12 00:00:00-04:00,738.8066884479139,742.5270843334097,733.1412911200548,739.843994140625,57079500,0.0,0.0,0.0
2026-06-15 00:00:00-04:00,749.9179969688896,754.7356026867302,749.8282623277308,752.890380859375,60176400,0.0,0.0,0.0
2026-06-16 00:00:00-04:00,752.6111046530555,753.4988323298886,747.9531216783239,748.4019775390625,67093100,0.0,0.0,0.0
2026-06-17 00:00:00-04:00,749.3594421826946,750.217278570044,737.3204502885575,739.0560302734375,85945200,0.0,0.0,0.0
2026-06-18 00:00:00-04:00,747.760009765625,748.22998046875,743.8599853515625,746.739990234375,80875700,1.904,0.0,0.0
2026-06-22 00:00:00-04:00,747.7000122070312,750.1799926757812,743.1300048828125,744.3900146484375,46628100,0.0,0.0,0.0
2026-06-23 00:00:00-04:00,733.8099975585938,739.6300048828125,732.2999877929688,733.5800170898438,66846800,0.0,0.0,0.0
2026-06-24 00:00:00-04:00,735.1699829101562,739.9500122070312,730.8400268554688,733.239990234375,57439500,0.0,0.0,0.0
2026-06-25 00:00:00-04:00,738.9099731445312,739.3699951171875,729.5999755859375,734.2999877929688,53934400,0.0,0.0,0.0
2026-06-26 00:00:00-04:00,728.9500122070312,736.530029296875,716.5800170898438,728.989990234375,71034000,0.0,0.0,0.0
2026-06-29 00:00:00-04:00,736.530029296875,741.5599975585938,732.0900268554688,741.0,58035200,0.0,0.0,0.0
2026-06-30 00:00:00-04:00,741.2899780273438,748.02001953125,740.8900146484375,746.77001953125,55626000,0.0,0.0,0.0
2026-07-01 00:00:00-04:00,745.0,749.4400024414062,742.3800048828125,745.760009765625,47100900,0.0,0.0,0.0
2026-07-02 00:00:00-04:00,747.4000244140625,751.3099975585938,740.030029296875,744.780029296875,57447800,0.0,0.0,0.0
2026-07-06 00:00:00-04:00,748.739990234375,752.4099731445312,747.4099731445312,751.280029296875,50673300,0.0,0.0,0.0
2026-07-07 00:00:00-04:00,750.219970703125,750.9600219726562,745.2100219726562,747.7100219726562,43721500,0.0,0.0,0.0
2026-07-08 00:00:00-04:00,743.1599731445312,746.1500244140625,739.510009765625,745.4000244140625,43767400,0.0,0.0,0.0
2026-07-09 00:00:00-04:00,747.3499755859375,751.969970703125,745.5900268554688,751.7100219726562,41441700,0.0,0.0,0.0
2026-07-10 00:00:00-04:00,752.0499877929688,755.4199829101562,748.0999755859375,754.9500122070312,42191300,0.0,0.0,0.0
2026-07-13 00:00:00-04:00,752.469970703125,753.9099731445312,748.0,749.1699829101562,44013600,0.0,0.0,0.0
2026-07-14 00:00:00-04:00,750.9099731445312,753.3400268554688,748.6599731445312,751.8300170898438,35143100,0.0,0.0,0.0
2026-07-15 00:00:00-04:00,754.239990234375,755.5800170898438,750.2000122070312,754.8099975585938,43844800,0.0,0.0,0.0
2026-07-16 00:00:00-04:00,752.760009765625,754.5700073242188,747.8800048828125,750.719970703125,46409800,0.0,0.0,0.0
2026-07-17 00:00:00-04:00,742.0800170898438,747.2899780273438,740.7999877929688,743.2899780273438,62651000,0.0,0.0,0.0
2026-07-20 00:00:00-04:00,747.0599975585938,748.72998046875,741.510009765625,742.0900268554688,50422300,0.0,0.0,0.0
2026-07-21 00:00:00-04:00,746.2899780273438,749.0399780273438,744.1799926757812,748.280029296875,34324300,0.0,0.0,0.0
2026-07-22 00:00:00-04:00,746.6199951171875,750.02001953125,746.3699951171875,747.4099731445312,32836200,0.0,0.0,0.0
2026-07-23 00:00:00-04:00,739.3699951171875,742.5599975585938,735.2100219726562,738.1799926757812,55437300,0.0,0.0,0.0
2026-07-24 00:00:00-04:00,738.510009765625,743.719970703125,737.2899780273438,738.9299926757812,44782000,0.0,0.0,0.0
2026-07-27 00:00:00-04:00,744.9099731445312,745.530029296875,735.8699951171875,739.0900268554688,41461200,0.0,0.0,0.0
2026-07-28 00:00:00-04:00,739.1900024414062,742.7899780273438,735.97998046875,740.8599853515625,47322200,0.0,0.0,0.0
2026-07-29 00:00:00-04:00,739.969970703125,742.6799926757812,729.0999755859375,729.4600219726562,70697200,0.0,0.0,0.0
2026-07-30 00:00:00-04:00,736.0499877929688,742.4500122070312,734.5900268554688,741.6900024414062,66811300,0.0,0.0,0.0
2026-07-31 00:00:00-04:00,744.6799926757812,748.9000244140625,737.6799926757812,747.030029296875,62445900,0.0,0.0,0.0
2026-08-03 00:00:00-04:00,749.4400024414062,758.5800170898438,748.7999877929688,757.6699829101562,59927500,0.0,0.0,0.0
2026-08-04 00:00:00-04:00,760.6300048828125,773.4099731445312,760.52001953125,771.3300170898438,69154800,0.0,0.0,0.0
2026-08-05 00:00:00-04:00,775.8499755859375,776.8499755859375,769.510009765625,769.7899780273438,44689100,0.0,0.0,0.0
2026-08-06 00:00:00-04:00,770.2100219726562,771.8200073242188,767.4600219726562,768.5599975585938,38416900,0.0,0.0,0.0
2026-08-07 00:00:00-04:00,771.02001953125,773.9199829101562,769.6099853515625,773.260009765625,43586300,0.0,0.0,0.0
2026-08-10 00:00:00-04:00,772.5999755859375,775.0499877929688,771.6199951171875,773.030029296875,39249500,0.0,0.0,0.0
2026-08-11 00:00:00-04:00,774.530029296875,774.6099853515625,769.2000122070312,770.5599975585938,36740600,0.0,0.0,0.0
2026-08-12 00:00:00-04:00,774.7100219726562,774.9000244140625,771.280029296875,772.489990234375,33179100,0.0,0.0,0.0
2026-08-13 00:00:00-04:00,774.8699951171875,779.3699951171875,774.1099853515625,777.8800048828125,35634500,0.0,0.0,0.0
2026-08-14 00:00:00-04:00,778.5399780273438,778.7999877929688,775.4299926757812,776.3400268554688,31367900,0.0,0.0,0.0
2026-08-17 00:00:00-04:00,776.1799926757812,776.780029296875,772.510009765625,772.6699829101562,34356600,0.0,0.0,0.0
2026-08-18 00:00:00-04:00,768.7000122070312,769.5,766.9199829101562,767.4500122070312,43920900,0.0,0.0,0.0
2026-08-19 00:00:00-04:00,770.3599853515625,772.469970703125,768.0999755859375,769.0599975585938,40306000,0.0,0.0,0.0
2026-08-20 00:00:00-04:00,765.9600219726562,768.1500244140625,762.0399780273438,762.5999755859375,45520300,0.0,0.0,0.0
2026-08-21 00:00:00-04:00,766.0499877929688,767.8499755859375,764.1699829101562,765.719970703125,39188700,0.0,0.0,0.0
2026-08-24 00:00:00-04:00,764.780029296875,765.219970703125,762.0800170898438,763.469970703125,32430900,0.0,0.0,0.0
2026-08-25 00:00:00-04:00,766.1599731445312,766.780029296875,763.0499877929688,765.9099731445312,27422300,0.0,0.0,0.0
2026-08-26 00:00:00-04:00,764.72998046875,767.3499755859375,763.9299926757812,766.0800170898438,28751600,0.0,0.0,0.0
2026-08-27 00:00:00-04:00,768.5,772.3599853515625,767.1599731445312,771.0999755859375,34557100,0.0,0.0,0.0
2026-08-28 00:00:00-04:00,771.760009765625,775.2999877929688,768.3099975585938,769.3499755859375,36744300,0.0,0.0,0.0
2026-08-31 00:00:00-04:00,767.3300170898438,768.0,764.719970703125,767.0499877929688,38810800,0.0,0.0,0.0
2026-09-01 00:00:00-04:00,762.010009765625,764.6699829101562,759.47998046875,761.780029296875,41126300,0.0,0.0,0.0
2026-09-02 00:00:00-04:00,762.4500122070312,766.4299926757812,761.72998046875,765.1599731445312,29566200,0.0,0.0,0.0
2026-09-03 00:00:00-04:00,767.9000244140625,774.030029296875,767.4500122070312,773.1699829101562,43531600,0.0,0.0,0.0
2026-09-04 00:00:00-04:00,772.010009765625,772.8699951171875,769.0,770.1900024414062,34015600,0.0,0.0,0.0
